Reader_ID,Book_ID,Branch_ID,Issue_Date,Return_Date,,,
46,524,142,4/24/22,2022-05-08,,"INSERT INTO Loaned (Reader_ID, Book_ID, Branch_ID, Issue_Date, Return_Date) VALUES (46, 524, 142 , ""2022-04-24"" , ""2022-05-08"");",
272,675,19,04-26-2022,2022-05-10,,"INSERT INTO Loaned (Reader_ID, Book_ID, Branch_ID, Issue_Date, Return_Date) VALUES (272, 675, 19 , ""2022-04-26"" , ""2022-05-10"");",
395,289,120,04-26-2022,2022-05-10,,"INSERT INTO Loaned (Reader_ID, Book_ID, Branch_ID, Issue_Date, Return_Date) VALUES (395, 289, 120 , ""2022-04-26"" , ""2022-05-10"");",
462,522,80,03-29-2022,2022-04-12,,"INSERT INTO Loaned (Reader_ID, Book_ID, Branch_ID, Issue_Date, Return_Date) VALUES (462, 522, 80 , ""2022-03-29"" , ""2022-04-12"");",
32,317,44,03-04-2022,2022-03-18,,"INSERT INTO Loaned (Reader_ID, Book_ID, Branch_ID, Issue_Date, Return_Date) VALUES (32, 317, 44 , ""2022-03-04"" , ""2022-03-18"");",
637,236,54,08-02-2022,2022-08-16,,"INSERT INTO Loaned (Reader_ID, Book_ID, Branch_ID, Issue_Date, Return_Date) VALUES (637, 236, 54 , ""2022-08-02"" , ""2022-08-16"");",
186,809,178,04-08-2022,2022-04-22,,"INSERT INTO Loaned (Reader_ID, Book_ID, Branch_ID, Issue_Date, Return_Date) VALUES (186, 809, 178 , ""2022-04-08"" , ""2022-04-22"");",
910,832,98,11-01-2022,2022-11-15,,"INSERT INTO Loaned (Reader_ID, Book_ID, Branch_ID, Issue_Date, Return_Date) VALUES (910, 832, 98 , ""2022-11-01"" , ""2022-11-15"");",
638,828,141,06-19-2022,2022-07-03,,"INSERT INTO Loaned (Reader_ID, Book_ID, Branch_ID, Issue_Date, Return_Date) VALUES (638, 828, 141 , ""2022-06-19"" , ""2022-07-03"");",
241,1447,93,09-17-2022,2022-10-01,,"INSERT INTO Loaned (Reader_ID, Book_ID, Branch_ID, Issue_Date, Return_Date) VALUES (241, 1447, 93 , ""2022-09-17"" , ""2022-10-01"");",
166,524,181,07-04-2022,2022-07-18,,"INSERT INTO Loaned (Reader_ID, Book_ID, Branch_ID, Issue_Date, Return_Date) VALUES (166, 524, 181 , ""2022-07-04"" , ""2022-07-18"");",
210,9,67,11-19-2022,2022-12-03,,"INSERT INTO Loaned (Reader_ID, Book_ID, Branch_ID, Issue_Date, Return_Date) VALUES (210, 9, 67 , ""2022-11-19"" , ""2022-12-03"");",
739,1428,15,10-02-2022,2022-10-16,,"INSERT INTO Loaned (Reader_ID, Book_ID, Branch_ID, Issue_Date, Return_Date) VALUES (739, 1428, 15 , ""2022-10-02"" , ""2022-10-16"");",
276,771,122,06-13-2022,2022-06-27,,"INSERT INTO Loaned (Reader_ID, Book_ID, Branch_ID, Issue_Date, Return_Date) VALUES (276, 771, 122 , ""2022-06-13"" , ""2022-06-27"");",
65,571,149,03-25-2022,2022-04-08,,"INSERT INTO Loaned (Reader_ID, Book_ID, Branch_ID, Issue_Date, Return_Date) VALUES (65, 571, 149 , ""2022-03-25"" , ""2022-04-08"");",
976,814,15,05-11-2022,2022-05-25,,"INSERT INTO Loaned (Reader_ID, Book_ID, Branch_ID, Issue_Date, Return_Date) VALUES (976, 814, 15 , ""2022-05-11"" , ""2022-05-25"");",
830,1391,114,10-02-2022,2022-10-16,,"INSERT INTO Loaned (Reader_ID, Book_ID, Branch_ID, Issue_Date, Return_Date) VALUES (830, 1391, 114 , ""2022-10-02"" , ""2022-10-16"");",
393,714,119,10-15-2022,2022-10-29,,"INSERT INTO Loaned (Reader_ID, Book_ID, Branch_ID, Issue_Date, Return_Date) VALUES (393, 714, 119 , ""2022-10-15"" , ""2022-10-29"");",
420,146,154,07-05-2022,2022-07-19,,"INSERT INTO Loaned (Reader_ID, Book_ID, Branch_ID, Issue_Date, Return_Date) VALUES (420, 146, 154 , ""2022-07-05"" , ""2022-07-19"");",
964,947,13,04-11-2022,2022-04-25,,"INSERT INTO Loaned (Reader_ID, Book_ID, Branch_ID, Issue_Date, Return_Date) VALUES (964, 947, 13 , ""2022-04-11"" , ""2022-04-25"");",
547,770,104,07-21-2022,2022-08-04,,"INSERT INTO Loaned (Reader_ID, Book_ID, Branch_ID, Issue_Date, Return_Date) VALUES (547, 770, 104 , ""2022-07-21"" , ""2022-08-04"");",
42,1014,155,12-25-2022,2023-01-08,,"INSERT INTO Loaned (Reader_ID, Book_ID, Branch_ID, Issue_Date, Return_Date) VALUES (42, 1014, 155 , ""2022-12-25"" , ""2023-01-08"");",
733,473,33,11-15-2022,2022-11-29,,"INSERT INTO Loaned (Reader_ID, Book_ID, Branch_ID, Issue_Date, Return_Date) VALUES (733, 473, 33 , ""2022-11-15"" , ""2022-11-29"");",
278,659,157,07-21-2022,2022-08-04,,"INSERT INTO Loaned (Reader_ID, Book_ID, Branch_ID, Issue_Date, Return_Date) VALUES (278, 659, 157 , ""2022-07-21"" , ""2022-08-04"");",
733,1078,44,01-19-2022,2022-02-02,,"INSERT INTO Loaned (Reader_ID, Book_ID, Branch_ID, Issue_Date, Return_Date) VALUES (733, 1078, 44 , ""2022-01-19"" , ""2022-02-02"");",
128,323,24,01-20-2022,2022-02-03,,"INSERT INTO Loaned (Reader_ID, Book_ID, Branch_ID, Issue_Date, Return_Date) VALUES (128, 323, 24 , ""2022-01-20"" , ""2022-02-03"");",
564,373,168,10-27-2022,2022-11-10,,"INSERT INTO Loaned (Reader_ID, Book_ID, Branch_ID, Issue_Date, Return_Date) VALUES (564, 373, 168 , ""2022-10-27"" , ""2022-11-10"");",
851,444,198,06-28-2022,2022-07-12,,"INSERT INTO Loaned (Reader_ID, Book_ID, Branch_ID, Issue_Date, Return_Date) VALUES (851, 444, 198 , ""2022-06-28"" , ""2022-07-12"");",
631,1300,57,08-08-2022,2022-08-22,,"INSERT INTO Loaned (Reader_ID, Book_ID, Branch_ID, Issue_Date, Return_Date) VALUES (631, 1300, 57 , ""2022-08-08"" , ""2022-08-22"");",
671,240,83,09-13-2022,2022-09-27,,"INSERT INTO Loaned (Reader_ID, Book_ID, Branch_ID, Issue_Date, Return_Date) VALUES (671, 240, 83 , ""2022-09-13"" , ""2022-09-27"");",
644,297,91,01-24-2022,2022-02-07,,"INSERT INTO Loaned (Reader_ID, Book_ID, Branch_ID, Issue_Date, Return_Date) VALUES (644, 297, 91 , ""2022-01-24"" , ""2022-02-07"");",
681,1149,140,03-11-2022,2022-03-25,,"INSERT INTO Loaned (Reader_ID, Book_ID, Branch_ID, Issue_Date, Return_Date) VALUES (681, 1149, 140 , ""2022-03-11"" , ""2022-03-25"");",
333,1106,92,07-18-2022,2022-08-01,,"INSERT INTO Loaned (Reader_ID, Book_ID, Branch_ID, Issue_Date, Return_Date) VALUES (333, 1106, 92 , ""2022-07-18"" , ""2022-08-01"");",
799,34,8,07-12-2022,2022-07-26,,"INSERT INTO Loaned (Reader_ID, Book_ID, Branch_ID, Issue_Date, Return_Date) VALUES (799, 34, 8 , ""2022-07-12"" , ""2022-07-26"");",
678,1483,26,01-28-2022,2022-02-11,,"INSERT INTO Loaned (Reader_ID, Book_ID, Branch_ID, Issue_Date, Return_Date) VALUES (678, 1483, 26 , ""2022-01-28"" , ""2022-02-11"");",
605,1242,199,09-11-2022,2022-09-25,,"INSERT INTO Loaned (Reader_ID, Book_ID, Branch_ID, Issue_Date, Return_Date) VALUES (605, 1242, 199 , ""2022-09-11"" , ""2022-09-25"");",
769,1340,119,01-08-2022,2022-01-22,,"INSERT INTO Loaned (Reader_ID, Book_ID, Branch_ID, Issue_Date, Return_Date) VALUES (769, 1340, 119 , ""2022-01-08"" , ""2022-01-22"");",
830,295,199,02-22-2022,2022-03-08,,"INSERT INTO Loaned (Reader_ID, Book_ID, Branch_ID, Issue_Date, Return_Date) VALUES (830, 295, 199 , ""2022-02-22"" , ""2022-03-08"");",
262,1124,114,04-28-2022,2022-05-12,,"INSERT INTO Loaned (Reader_ID, Book_ID, Branch_ID, Issue_Date, Return_Date) VALUES (262, 1124, 114 , ""2022-04-28"" , ""2022-05-12"");",
134,1458,130,06-18-2022,2022-07-02,,"INSERT INTO Loaned (Reader_ID, Book_ID, Branch_ID, Issue_Date, Return_Date) VALUES (134, 1458, 130 , ""2022-06-18"" , ""2022-07-02"");",
939,1209,77,12-06-2022,2022-12-20,,"INSERT INTO Loaned (Reader_ID, Book_ID, Branch_ID, Issue_Date, Return_Date) VALUES (939, 1209, 77 , ""2022-12-06"" , ""2022-12-20"");",
265,1374,56,10-02-2022,2022-10-16,,"INSERT INTO Loaned (Reader_ID, Book_ID, Branch_ID, Issue_Date, Return_Date) VALUES (265, 1374, 56 , ""2022-10-02"" , ""2022-10-16"");",
554,48,112,07-01-2022,2022-07-15,,"INSERT INTO Loaned (Reader_ID, Book_ID, Branch_ID, Issue_Date, Return_Date) VALUES (554, 48, 112 , ""2022-07-01"" , ""2022-07-15"");",
531,411,158,11-11-2022,2022-11-25,,"INSERT INTO Loaned (Reader_ID, Book_ID, Branch_ID, Issue_Date, Return_Date) VALUES (531, 411, 158 , ""2022-11-11"" , ""2022-11-25"");",
925,984,32,02-07-2022,2022-02-21,,"INSERT INTO Loaned (Reader_ID, Book_ID, Branch_ID, Issue_Date, Return_Date) VALUES (925, 984, 32 , ""2022-02-07"" , ""2022-02-21"");",
379,892,136,10-10-2022,2022-10-24,,"INSERT INTO Loaned (Reader_ID, Book_ID, Branch_ID, Issue_Date, Return_Date) VALUES (379, 892, 136 , ""2022-10-10"" , ""2022-10-24"");",
112,1292,119,03-12-2022,2022-03-26,,"INSERT INTO Loaned (Reader_ID, Book_ID, Branch_ID, Issue_Date, Return_Date) VALUES (112, 1292, 119 , ""2022-03-12"" , ""2022-03-26"");",
401,1359,82,10-03-2022,2022-10-17,,"INSERT INTO Loaned (Reader_ID, Book_ID, Branch_ID, Issue_Date, Return_Date) VALUES (401, 1359, 82 , ""2022-10-03"" , ""2022-10-17"");",
284,540,45,12-02-2022,2022-12-16,,"INSERT INTO Loaned (Reader_ID, Book_ID, Branch_ID, Issue_Date, Return_Date) VALUES (284, 540, 45 , ""2022-12-02"" , ""2022-12-16"");",
471,474,182,05-05-2022,2022-05-19,,"INSERT INTO Loaned (Reader_ID, Book_ID, Branch_ID, Issue_Date, Return_Date) VALUES (471, 474, 182 , ""2022-05-05"" , ""2022-05-19"");",
8,335,79,06-03-2022,2022-06-17,,"INSERT INTO Loaned (Reader_ID, Book_ID, Branch_ID, Issue_Date, Return_Date) VALUES (8, 335, 79 , ""2022-06-03"" , ""2022-06-17"");",
566,621,143,04-15-2022,2022-04-29,,"INSERT INTO Loaned (Reader_ID, Book_ID, Branch_ID, Issue_Date, Return_Date) VALUES (566, 621, 143 , ""2022-04-15"" , ""2022-04-29"");",
944,162,91,03-25-2022,2022-04-08,,"INSERT INTO Loaned (Reader_ID, Book_ID, Branch_ID, Issue_Date, Return_Date) VALUES (944, 162, 91 , ""2022-03-25"" , ""2022-04-08"");",
138,1431,125,10-29-2022,2022-11-12,,"INSERT INTO Loaned (Reader_ID, Book_ID, Branch_ID, Issue_Date, Return_Date) VALUES (138, 1431, 125 , ""2022-10-29"" , ""2022-11-12"");",
752,1264,54,06-12-2022,2022-06-26,,"INSERT INTO Loaned (Reader_ID, Book_ID, Branch_ID, Issue_Date, Return_Date) VALUES (752, 1264, 54 , ""2022-06-12"" , ""2022-06-26"");",
477,1231,197,06-22-2022,2022-07-06,,"INSERT INTO Loaned (Reader_ID, Book_ID, Branch_ID, Issue_Date, Return_Date) VALUES (477, 1231, 197 , ""2022-06-22"" , ""2022-07-06"");",
967,1250,15,08-07-2022,2022-08-21,,"INSERT INTO Loaned (Reader_ID, Book_ID, Branch_ID, Issue_Date, Return_Date) VALUES (967, 1250, 15 , ""2022-08-07"" , ""2022-08-21"");",
554,748,5,08-18-2022,2022-09-01,,"INSERT INTO Loaned (Reader_ID, Book_ID, Branch_ID, Issue_Date, Return_Date) VALUES (554, 748, 5 , ""2022-08-18"" , ""2022-09-01"");",
889,1098,150,07-11-2022,2022-07-25,,"INSERT INTO Loaned (Reader_ID, Book_ID, Branch_ID, Issue_Date, Return_Date) VALUES (889, 1098, 150 , ""2022-07-11"" , ""2022-07-25"");",
113,1062,200,08-19-2022,2022-09-02,,"INSERT INTO Loaned (Reader_ID, Book_ID, Branch_ID, Issue_Date, Return_Date) VALUES (113, 1062, 200 , ""2022-08-19"" , ""2022-09-02"");",
143,256,195,11-26-2022,2022-12-10,,"INSERT INTO Loaned (Reader_ID, Book_ID, Branch_ID, Issue_Date, Return_Date) VALUES (143, 256, 195 , ""2022-11-26"" , ""2022-12-10"");",
901,1112,5,03-26-2022,2022-04-09,,"INSERT INTO Loaned (Reader_ID, Book_ID, Branch_ID, Issue_Date, Return_Date) VALUES (901, 1112, 5 , ""2022-03-26"" , ""2022-04-09"");",
515,562,110,09-09-2022,2022-09-23,,"INSERT INTO Loaned (Reader_ID, Book_ID, Branch_ID, Issue_Date, Return_Date) VALUES (515, 562, 110 , ""2022-09-09"" , ""2022-09-23"");",
576,1298,184,02-08-2022,2022-02-22,,"INSERT INTO Loaned (Reader_ID, Book_ID, Branch_ID, Issue_Date, Return_Date) VALUES (576, 1298, 184 , ""2022-02-08"" , ""2022-02-22"");",
677,1084,155,11-02-2022,2022-11-16,,"INSERT INTO Loaned (Reader_ID, Book_ID, Branch_ID, Issue_Date, Return_Date) VALUES (677, 1084, 155 , ""2022-11-02"" , ""2022-11-16"");",
44,343,14,04-28-2022,2022-05-12,,"INSERT INTO Loaned (Reader_ID, Book_ID, Branch_ID, Issue_Date, Return_Date) VALUES (44, 343, 14 , ""2022-04-28"" , ""2022-05-12"");",
775,847,193,10-25-2022,2022-11-08,,"INSERT INTO Loaned (Reader_ID, Book_ID, Branch_ID, Issue_Date, Return_Date) VALUES (775, 847, 193 , ""2022-10-25"" , ""2022-11-08"");",
806,724,18,03-14-2022,2022-03-28,,"INSERT INTO Loaned (Reader_ID, Book_ID, Branch_ID, Issue_Date, Return_Date) VALUES (806, 724, 18 , ""2022-03-14"" , ""2022-03-28"");",
253,1214,32,10-16-2022,2022-10-30,,"INSERT INTO Loaned (Reader_ID, Book_ID, Branch_ID, Issue_Date, Return_Date) VALUES (253, 1214, 32 , ""2022-10-16"" , ""2022-10-30"");",
658,266,114,05-31-2022,2022-06-14,,"INSERT INTO Loaned (Reader_ID, Book_ID, Branch_ID, Issue_Date, Return_Date) VALUES (658, 266, 114 , ""2022-05-31"" , ""2022-06-14"");",
791,106,20,01-09-2022,2022-01-23,,"INSERT INTO Loaned (Reader_ID, Book_ID, Branch_ID, Issue_Date, Return_Date) VALUES (791, 106, 20 , ""2022-01-09"" , ""2022-01-23"");",
650,1329,156,12-25-2022,2023-01-08,,"INSERT INTO Loaned (Reader_ID, Book_ID, Branch_ID, Issue_Date, Return_Date) VALUES (650, 1329, 156 , ""2022-12-25"" , ""2023-01-08"");",
869,1328,82,10-12-2022,2022-10-26,,"INSERT INTO Loaned (Reader_ID, Book_ID, Branch_ID, Issue_Date, Return_Date) VALUES (869, 1328, 82 , ""2022-10-12"" , ""2022-10-26"");",
451,112,196,11-14-2022,2022-11-28,,"INSERT INTO Loaned (Reader_ID, Book_ID, Branch_ID, Issue_Date, Return_Date) VALUES (451, 112, 196 , ""2022-11-14"" , ""2022-11-28"");",
148,419,55,05-20-2022,2022-06-03,,"INSERT INTO Loaned (Reader_ID, Book_ID, Branch_ID, Issue_Date, Return_Date) VALUES (148, 419, 55 , ""2022-05-20"" , ""2022-06-03"");",
863,670,84,05-24-2022,2022-06-07,,"INSERT INTO Loaned (Reader_ID, Book_ID, Branch_ID, Issue_Date, Return_Date) VALUES (863, 670, 84 , ""2022-05-24"" , ""2022-06-07"");",
605,797,88,05-05-2022,2022-05-19,,"INSERT INTO Loaned (Reader_ID, Book_ID, Branch_ID, Issue_Date, Return_Date) VALUES (605, 797, 88 , ""2022-05-05"" , ""2022-05-19"");",
324,862,162,08-27-2022,2022-09-10,,"INSERT INTO Loaned (Reader_ID, Book_ID, Branch_ID, Issue_Date, Return_Date) VALUES (324, 862, 162 , ""2022-08-27"" , ""2022-09-10"");",
559,728,131,10-15-2022,2022-10-29,,"INSERT INTO Loaned (Reader_ID, Book_ID, Branch_ID, Issue_Date, Return_Date) VALUES (559, 728, 131 , ""2022-10-15"" , ""2022-10-29"");",
560,726,26,03-08-2022,2022-03-22,,"INSERT INTO Loaned (Reader_ID, Book_ID, Branch_ID, Issue_Date, Return_Date) VALUES (560, 726, 26 , ""2022-03-08"" , ""2022-03-22"");",
552,45,3,04-08-2022,2022-04-22,,"INSERT INTO Loaned (Reader_ID, Book_ID, Branch_ID, Issue_Date, Return_Date) VALUES (552, 45, 3 , ""2022-04-08"" , ""2022-04-22"");",
270,866,196,02-01-2022,2022-02-15,,"INSERT INTO Loaned (Reader_ID, Book_ID, Branch_ID, Issue_Date, Return_Date) VALUES (270, 866, 196 , ""2022-02-01"" , ""2022-02-15"");",
56,373,10,07-14-2022,2022-07-28,,"INSERT INTO Loaned (Reader_ID, Book_ID, Branch_ID, Issue_Date, Return_Date) VALUES (56, 373, 10 , ""2022-07-14"" , ""2022-07-28"");",
993,949,139,12-02-2022,2022-12-16,,"INSERT INTO Loaned (Reader_ID, Book_ID, Branch_ID, Issue_Date, Return_Date) VALUES (993, 949, 139 , ""2022-12-02"" , ""2022-12-16"");",
947,981,133,09-25-2022,2022-10-09,,"INSERT INTO Loaned (Reader_ID, Book_ID, Branch_ID, Issue_Date, Return_Date) VALUES (947, 981, 133 , ""2022-09-25"" , ""2022-10-09"");",
842,401,13,02-07-2022,2022-02-21,,"INSERT INTO Loaned (Reader_ID, Book_ID, Branch_ID, Issue_Date, Return_Date) VALUES (842, 401, 13 , ""2022-02-07"" , ""2022-02-21"");",
219,655,199,04-19-2022,2022-05-03,,"INSERT INTO Loaned (Reader_ID, Book_ID, Branch_ID, Issue_Date, Return_Date) VALUES (219, 655, 199 , ""2022-04-19"" , ""2022-05-03"");",
775,1410,170,10-08-2022,2022-10-22,,"INSERT INTO Loaned (Reader_ID, Book_ID, Branch_ID, Issue_Date, Return_Date) VALUES (775, 1410, 170 , ""2022-10-08"" , ""2022-10-22"");",
691,1388,70,10-13-2022,2022-10-27,,"INSERT INTO Loaned (Reader_ID, Book_ID, Branch_ID, Issue_Date, Return_Date) VALUES (691, 1388, 70 , ""2022-10-13"" , ""2022-10-27"");",
979,1338,90,02-01-2022,2022-02-15,,"INSERT INTO Loaned (Reader_ID, Book_ID, Branch_ID, Issue_Date, Return_Date) VALUES (979, 1338, 90 , ""2022-02-01"" , ""2022-02-15"");",
346,692,1,01-28-2022,2022-02-11,,"INSERT INTO Loaned (Reader_ID, Book_ID, Branch_ID, Issue_Date, Return_Date) VALUES (346, 692, 1 , ""2022-01-28"" , ""2022-02-11"");",
861,212,135,07-28-2022,2022-08-11,,"INSERT INTO Loaned (Reader_ID, Book_ID, Branch_ID, Issue_Date, Return_Date) VALUES (861, 212, 135 , ""2022-07-28"" , ""2022-08-11"");",
56,159,44,09-08-2022,2022-09-22,,"INSERT INTO Loaned (Reader_ID, Book_ID, Branch_ID, Issue_Date, Return_Date) VALUES (56, 159, 44 , ""2022-09-08"" , ""2022-09-22"");",
858,431,157,06-26-2022,2022-07-10,,"INSERT INTO Loaned (Reader_ID, Book_ID, Branch_ID, Issue_Date, Return_Date) VALUES (858, 431, 157 , ""2022-06-26"" , ""2022-07-10"");",
359,74,37,01-11-2022,2022-01-25,,"INSERT INTO Loaned (Reader_ID, Book_ID, Branch_ID, Issue_Date, Return_Date) VALUES (359, 74, 37 , ""2022-01-11"" , ""2022-01-25"");",
220,1229,170,02-17-2022,2022-03-03,,"INSERT INTO Loaned (Reader_ID, Book_ID, Branch_ID, Issue_Date, Return_Date) VALUES (220, 1229, 170 , ""2022-02-17"" , ""2022-03-03"");",
901,696,20,11-01-2022,2022-11-15,,"INSERT INTO Loaned (Reader_ID, Book_ID, Branch_ID, Issue_Date, Return_Date) VALUES (901, 696, 20 , ""2022-11-01"" , ""2022-11-15"");",
143,33,13,11-08-2022,2022-11-22,,"INSERT INTO Loaned (Reader_ID, Book_ID, Branch_ID, Issue_Date, Return_Date) VALUES (143, 33, 13 , ""2022-11-08"" , ""2022-11-22"");",
379,1018,144,02-04-2022,2022-02-18,,"INSERT INTO Loaned (Reader_ID, Book_ID, Branch_ID, Issue_Date, Return_Date) VALUES (379, 1018, 144 , ""2022-02-04"" , ""2022-02-18"");",
778,93,139,12-17-2022,2022-12-31,,"INSERT INTO Loaned (Reader_ID, Book_ID, Branch_ID, Issue_Date, Return_Date) VALUES (778, 93, 139 , ""2022-12-17"" , ""2022-12-31"");",
823,821,40,05-28-2022,2022-06-11,,"INSERT INTO Loaned (Reader_ID, Book_ID, Branch_ID, Issue_Date, Return_Date) VALUES (823, 821, 40 , ""2022-05-28"" , ""2022-06-11"");",
176,1003,48,03-09-2022,2022-03-23,,"INSERT INTO Loaned (Reader_ID, Book_ID, Branch_ID, Issue_Date, Return_Date) VALUES (176, 1003, 48 , ""2022-03-09"" , ""2022-03-23"");",
441,1073,38,07-30-2022,2022-08-13,,"INSERT INTO Loaned (Reader_ID, Book_ID, Branch_ID, Issue_Date, Return_Date) VALUES (441, 1073, 38 , ""2022-07-30"" , ""2022-08-13"");",
959,120,21,08-14-2022,2022-08-28,,"INSERT INTO Loaned (Reader_ID, Book_ID, Branch_ID, Issue_Date, Return_Date) VALUES (959, 120, 21 , ""2022-08-14"" , ""2022-08-28"");",
417,479,66,06-04-2022,2022-06-18,,"INSERT INTO Loaned (Reader_ID, Book_ID, Branch_ID, Issue_Date, Return_Date) VALUES (417, 479, 66 , ""2022-06-04"" , ""2022-06-18"");",
254,585,171,05-14-2022,2022-05-28,,"INSERT INTO Loaned (Reader_ID, Book_ID, Branch_ID, Issue_Date, Return_Date) VALUES (254, 585, 171 , ""2022-05-14"" , ""2022-05-28"");",
559,14,24,07-23-2022,2022-08-06,,"INSERT INTO Loaned (Reader_ID, Book_ID, Branch_ID, Issue_Date, Return_Date) VALUES (559, 14, 24 , ""2022-07-23"" , ""2022-08-06"");",
675,1270,3,11-14-2022,2022-11-28,,"INSERT INTO Loaned (Reader_ID, Book_ID, Branch_ID, Issue_Date, Return_Date) VALUES (675, 1270, 3 , ""2022-11-14"" , ""2022-11-28"");",
599,1160,199,03-22-2022,2022-04-05,,"INSERT INTO Loaned (Reader_ID, Book_ID, Branch_ID, Issue_Date, Return_Date) VALUES (599, 1160, 199 , ""2022-03-22"" , ""2022-04-05"");",
954,349,113,06-10-2022,2022-06-24,,"INSERT INTO Loaned (Reader_ID, Book_ID, Branch_ID, Issue_Date, Return_Date) VALUES (954, 349, 113 , ""2022-06-10"" , ""2022-06-24"");",
139,151,126,06-08-2022,2022-06-22,,"INSERT INTO Loaned (Reader_ID, Book_ID, Branch_ID, Issue_Date, Return_Date) VALUES (139, 151, 126 , ""2022-06-08"" , ""2022-06-22"");",
250,1108,78,06-21-2022,2022-07-05,,"INSERT INTO Loaned (Reader_ID, Book_ID, Branch_ID, Issue_Date, Return_Date) VALUES (250, 1108, 78 , ""2022-06-21"" , ""2022-07-05"");",
890,541,60,12-29-2022,2023-01-12,,"INSERT INTO Loaned (Reader_ID, Book_ID, Branch_ID, Issue_Date, Return_Date) VALUES (890, 541, 60 , ""2022-12-29"" , ""2023-01-12"");",
113,1400,61,03-10-2022,2022-03-24,,"INSERT INTO Loaned (Reader_ID, Book_ID, Branch_ID, Issue_Date, Return_Date) VALUES (113, 1400, 61 , ""2022-03-10"" , ""2022-03-24"");",
620,1459,185,09-18-2022,2022-10-02,,"INSERT INTO Loaned (Reader_ID, Book_ID, Branch_ID, Issue_Date, Return_Date) VALUES (620, 1459, 185 , ""2022-09-18"" , ""2022-10-02"");",
561,1045,83,08-27-2022,2022-09-10,,"INSERT INTO Loaned (Reader_ID, Book_ID, Branch_ID, Issue_Date, Return_Date) VALUES (561, 1045, 83 , ""2022-08-27"" , ""2022-09-10"");",
685,288,48,12-01-2022,2022-12-15,,"INSERT INTO Loaned (Reader_ID, Book_ID, Branch_ID, Issue_Date, Return_Date) VALUES (685, 288, 48 , ""2022-12-01"" , ""2022-12-15"");",
345,398,40,12-26-2022,2023-01-09,,"INSERT INTO Loaned (Reader_ID, Book_ID, Branch_ID, Issue_Date, Return_Date) VALUES (345, 398, 40 , ""2022-12-26"" , ""2023-01-09"");",
431,385,125,12-15-2022,2022-12-29,,"INSERT INTO Loaned (Reader_ID, Book_ID, Branch_ID, Issue_Date, Return_Date) VALUES (431, 385, 125 , ""2022-12-15"" , ""2022-12-29"");",
589,1098,115,05-24-2022,2022-06-07,,"INSERT INTO Loaned (Reader_ID, Book_ID, Branch_ID, Issue_Date, Return_Date) VALUES (589, 1098, 115 , ""2022-05-24"" , ""2022-06-07"");",
983,1472,145,12-21-2022,2023-01-04,,"INSERT INTO Loaned (Reader_ID, Book_ID, Branch_ID, Issue_Date, Return_Date) VALUES (983, 1472, 145 , ""2022-12-21"" , ""2023-01-04"");",
99,641,143,06-03-2022,2022-06-17,,"INSERT INTO Loaned (Reader_ID, Book_ID, Branch_ID, Issue_Date, Return_Date) VALUES (99, 641, 143 , ""2022-06-03"" , ""2022-06-17"");",
856,1181,25,06-30-2022,2022-07-14,,"INSERT INTO Loaned (Reader_ID, Book_ID, Branch_ID, Issue_Date, Return_Date) VALUES (856, 1181, 25 , ""2022-06-30"" , ""2022-07-14"");",
655,1029,190,09-08-2022,2022-09-22,,"INSERT INTO Loaned (Reader_ID, Book_ID, Branch_ID, Issue_Date, Return_Date) VALUES (655, 1029, 190 , ""2022-09-08"" , ""2022-09-22"");",
326,201,64,08-24-2022,2022-09-07,,"INSERT INTO Loaned (Reader_ID, Book_ID, Branch_ID, Issue_Date, Return_Date) VALUES (326, 201, 64 , ""2022-08-24"" , ""2022-09-07"");",
407,572,45,06-30-2022,2022-07-14,,"INSERT INTO Loaned (Reader_ID, Book_ID, Branch_ID, Issue_Date, Return_Date) VALUES (407, 572, 45 , ""2022-06-30"" , ""2022-07-14"");",
152,470,148,01-07-2022,2022-01-21,,"INSERT INTO Loaned (Reader_ID, Book_ID, Branch_ID, Issue_Date, Return_Date) VALUES (152, 470, 148 , ""2022-01-07"" , ""2022-01-21"");",
257,490,30,03-25-2022,2022-04-08,,"INSERT INTO Loaned (Reader_ID, Book_ID, Branch_ID, Issue_Date, Return_Date) VALUES (257, 490, 30 , ""2022-03-25"" , ""2022-04-08"");",
789,1105,148,06-05-2022,2022-06-19,,"INSERT INTO Loaned (Reader_ID, Book_ID, Branch_ID, Issue_Date, Return_Date) VALUES (789, 1105, 148 , ""2022-06-05"" , ""2022-06-19"");",
855,394,130,01-21-2022,2022-02-04,,"INSERT INTO Loaned (Reader_ID, Book_ID, Branch_ID, Issue_Date, Return_Date) VALUES (855, 394, 130 , ""2022-01-21"" , ""2022-02-04"");",
477,1472,73,08-06-2022,2022-08-20,,"INSERT INTO Loaned (Reader_ID, Book_ID, Branch_ID, Issue_Date, Return_Date) VALUES (477, 1472, 73 , ""2022-08-06"" , ""2022-08-20"");",
294,113,41,03-17-2022,2022-03-31,,"INSERT INTO Loaned (Reader_ID, Book_ID, Branch_ID, Issue_Date, Return_Date) VALUES (294, 113, 41 , ""2022-03-17"" , ""2022-03-31"");",
85,368,187,11-08-2022,2022-11-22,,"INSERT INTO Loaned (Reader_ID, Book_ID, Branch_ID, Issue_Date, Return_Date) VALUES (85, 368, 187 , ""2022-11-08"" , ""2022-11-22"");",
566,693,70,07-24-2022,2022-08-07,,"INSERT INTO Loaned (Reader_ID, Book_ID, Branch_ID, Issue_Date, Return_Date) VALUES (566, 693, 70 , ""2022-07-24"" , ""2022-08-07"");",
194,1444,31,12-16-2022,2022-12-30,,"INSERT INTO Loaned (Reader_ID, Book_ID, Branch_ID, Issue_Date, Return_Date) VALUES (194, 1444, 31 , ""2022-12-16"" , ""2022-12-30"");",
774,673,191,03-09-2022,2022-03-23,,"INSERT INTO Loaned (Reader_ID, Book_ID, Branch_ID, Issue_Date, Return_Date) VALUES (774, 673, 191 , ""2022-03-09"" , ""2022-03-23"");",
925,1184,92,10-02-2022,2022-10-16,,"INSERT INTO Loaned (Reader_ID, Book_ID, Branch_ID, Issue_Date, Return_Date) VALUES (925, 1184, 92 , ""2022-10-02"" , ""2022-10-16"");",
346,123,124,09-19-2022,2022-10-03,,"INSERT INTO Loaned (Reader_ID, Book_ID, Branch_ID, Issue_Date, Return_Date) VALUES (346, 123, 124 , ""2022-09-19"" , ""2022-10-03"");",
63,1455,99,01-01-2022,2022-01-15,,"INSERT INTO Loaned (Reader_ID, Book_ID, Branch_ID, Issue_Date, Return_Date) VALUES (63, 1455, 99 , ""2022-01-01"" , ""2022-01-15"");",
615,35,4,04-07-2022,2022-04-21,,"INSERT INTO Loaned (Reader_ID, Book_ID, Branch_ID, Issue_Date, Return_Date) VALUES (615, 35, 4 , ""2022-04-07"" , ""2022-04-21"");",
180,63,134,01-02-2022,2022-01-16,,"INSERT INTO Loaned (Reader_ID, Book_ID, Branch_ID, Issue_Date, Return_Date) VALUES (180, 63, 134 , ""2022-01-02"" , ""2022-01-16"");",
376,607,130,06-22-2022,2022-07-06,,"INSERT INTO Loaned (Reader_ID, Book_ID, Branch_ID, Issue_Date, Return_Date) VALUES (376, 607, 130 , ""2022-06-22"" , ""2022-07-06"");",
107,564,45,04-22-2022,2022-05-06,,"INSERT INTO Loaned (Reader_ID, Book_ID, Branch_ID, Issue_Date, Return_Date) VALUES (107, 564, 45 , ""2022-04-22"" , ""2022-05-06"");",
917,312,56,02-28-2022,2022-03-14,,"INSERT INTO Loaned (Reader_ID, Book_ID, Branch_ID, Issue_Date, Return_Date) VALUES (917, 312, 56 , ""2022-02-28"" , ""2022-03-14"");",
221,887,114,01-09-2022,2022-01-23,,"INSERT INTO Loaned (Reader_ID, Book_ID, Branch_ID, Issue_Date, Return_Date) VALUES (221, 887, 114 , ""2022-01-09"" , ""2022-01-23"");",
598,1106,79,03-17-2022,2022-03-31,,"INSERT INTO Loaned (Reader_ID, Book_ID, Branch_ID, Issue_Date, Return_Date) VALUES (598, 1106, 79 , ""2022-03-17"" , ""2022-03-31"");",
902,207,35,06-18-2022,2022-07-02,,"INSERT INTO Loaned (Reader_ID, Book_ID, Branch_ID, Issue_Date, Return_Date) VALUES (902, 207, 35 , ""2022-06-18"" , ""2022-07-02"");",
784,613,149,06-12-2022,2022-06-26,,"INSERT INTO Loaned (Reader_ID, Book_ID, Branch_ID, Issue_Date, Return_Date) VALUES (784, 613, 149 , ""2022-06-12"" , ""2022-06-26"");",
155,231,156,03-24-2022,2022-04-07,,"INSERT INTO Loaned (Reader_ID, Book_ID, Branch_ID, Issue_Date, Return_Date) VALUES (155, 231, 156 , ""2022-03-24"" , ""2022-04-07"");",
27,776,162,05-20-2022,2022-06-03,,"INSERT INTO Loaned (Reader_ID, Book_ID, Branch_ID, Issue_Date, Return_Date) VALUES (27, 776, 162 , ""2022-05-20"" , ""2022-06-03"");",
453,274,97,12-10-2022,2022-12-24,,"INSERT INTO Loaned (Reader_ID, Book_ID, Branch_ID, Issue_Date, Return_Date) VALUES (453, 274, 97 , ""2022-12-10"" , ""2022-12-24"");",
330,806,46,11-27-2022,2022-12-11,,"INSERT INTO Loaned (Reader_ID, Book_ID, Branch_ID, Issue_Date, Return_Date) VALUES (330, 806, 46 , ""2022-11-27"" , ""2022-12-11"");",
336,826,105,07-17-2022,2022-07-31,,"INSERT INTO Loaned (Reader_ID, Book_ID, Branch_ID, Issue_Date, Return_Date) VALUES (336, 826, 105 , ""2022-07-17"" , ""2022-07-31"");",
263,273,166,01-17-2022,2022-01-31,,"INSERT INTO Loaned (Reader_ID, Book_ID, Branch_ID, Issue_Date, Return_Date) VALUES (263, 273, 166 , ""2022-01-17"" , ""2022-01-31"");",
398,701,174,08-28-2022,2022-09-11,,"INSERT INTO Loaned (Reader_ID, Book_ID, Branch_ID, Issue_Date, Return_Date) VALUES (398, 701, 174 , ""2022-08-28"" , ""2022-09-11"");",
576,844,145,07-10-2022,2022-07-24,,"INSERT INTO Loaned (Reader_ID, Book_ID, Branch_ID, Issue_Date, Return_Date) VALUES (576, 844, 145 , ""2022-07-10"" , ""2022-07-24"");",
786,718,187,08-11-2022,2022-08-25,,"INSERT INTO Loaned (Reader_ID, Book_ID, Branch_ID, Issue_Date, Return_Date) VALUES (786, 718, 187 , ""2022-08-11"" , ""2022-08-25"");",
159,1204,106,04-06-2022,2022-04-20,,"INSERT INTO Loaned (Reader_ID, Book_ID, Branch_ID, Issue_Date, Return_Date) VALUES (159, 1204, 106 , ""2022-04-06"" , ""2022-04-20"");",
937,1339,32,07-13-2022,2022-07-27,,"INSERT INTO Loaned (Reader_ID, Book_ID, Branch_ID, Issue_Date, Return_Date) VALUES (937, 1339, 32 , ""2022-07-13"" , ""2022-07-27"");",
344,1144,198,05-28-2022,2022-06-11,,"INSERT INTO Loaned (Reader_ID, Book_ID, Branch_ID, Issue_Date, Return_Date) VALUES (344, 1144, 198 , ""2022-05-28"" , ""2022-06-11"");",
821,1049,52,11-08-2022,2022-11-22,,"INSERT INTO Loaned (Reader_ID, Book_ID, Branch_ID, Issue_Date, Return_Date) VALUES (821, 1049, 52 , ""2022-11-08"" , ""2022-11-22"");",
442,710,134,03-29-2022,2022-04-12,,"INSERT INTO Loaned (Reader_ID, Book_ID, Branch_ID, Issue_Date, Return_Date) VALUES (442, 710, 134 , ""2022-03-29"" , ""2022-04-12"");",
174,546,35,03-24-2022,2022-04-07,,"INSERT INTO Loaned (Reader_ID, Book_ID, Branch_ID, Issue_Date, Return_Date) VALUES (174, 546, 35 , ""2022-03-24"" , ""2022-04-07"");",
70,527,110,08-25-2022,2022-09-08,,"INSERT INTO Loaned (Reader_ID, Book_ID, Branch_ID, Issue_Date, Return_Date) VALUES (70, 527, 110 , ""2022-08-25"" , ""2022-09-08"");",
729,935,117,11-11-2022,2022-11-25,,"INSERT INTO Loaned (Reader_ID, Book_ID, Branch_ID, Issue_Date, Return_Date) VALUES (729, 935, 117 , ""2022-11-11"" , ""2022-11-25"");",
530,348,45,01-12-2022,2022-01-26,,"INSERT INTO Loaned (Reader_ID, Book_ID, Branch_ID, Issue_Date, Return_Date) VALUES (530, 348, 45 , ""2022-01-12"" , ""2022-01-26"");",
849,693,87,04-20-2022,2022-05-04,,"INSERT INTO Loaned (Reader_ID, Book_ID, Branch_ID, Issue_Date, Return_Date) VALUES (849, 693, 87 , ""2022-04-20"" , ""2022-05-04"");",
101,1428,160,07-12-2022,2022-07-26,,"INSERT INTO Loaned (Reader_ID, Book_ID, Branch_ID, Issue_Date, Return_Date) VALUES (101, 1428, 160 , ""2022-07-12"" , ""2022-07-26"");",
311,125,48,10-05-2022,2022-10-19,,"INSERT INTO Loaned (Reader_ID, Book_ID, Branch_ID, Issue_Date, Return_Date) VALUES (311, 125, 48 , ""2022-10-05"" , ""2022-10-19"");",
423,1400,121,12-09-2022,2022-12-23,,"INSERT INTO Loaned (Reader_ID, Book_ID, Branch_ID, Issue_Date, Return_Date) VALUES (423, 1400, 121 , ""2022-12-09"" , ""2022-12-23"");",
197,493,129,11-20-2022,2022-12-04,,"INSERT INTO Loaned (Reader_ID, Book_ID, Branch_ID, Issue_Date, Return_Date) VALUES (197, 493, 129 , ""2022-11-20"" , ""2022-12-04"");",
371,1291,56,04-02-2022,2022-04-16,,"INSERT INTO Loaned (Reader_ID, Book_ID, Branch_ID, Issue_Date, Return_Date) VALUES (371, 1291, 56 , ""2022-04-02"" , ""2022-04-16"");",
600,806,146,02-17-2022,2022-03-03,,"INSERT INTO Loaned (Reader_ID, Book_ID, Branch_ID, Issue_Date, Return_Date) VALUES (600, 806, 146 , ""2022-02-17"" , ""2022-03-03"");",
433,974,43,08-07-2022,2022-08-21,,"INSERT INTO Loaned (Reader_ID, Book_ID, Branch_ID, Issue_Date, Return_Date) VALUES (433, 974, 43 , ""2022-08-07"" , ""2022-08-21"");",
409,825,10,03-26-2022,2022-04-09,,"INSERT INTO Loaned (Reader_ID, Book_ID, Branch_ID, Issue_Date, Return_Date) VALUES (409, 825, 10 , ""2022-03-26"" , ""2022-04-09"");",
923,750,163,02-11-2022,2022-02-25,,"INSERT INTO Loaned (Reader_ID, Book_ID, Branch_ID, Issue_Date, Return_Date) VALUES (923, 750, 163 , ""2022-02-11"" , ""2022-02-25"");",
403,242,29,01-28-2022,2022-02-11,,"INSERT INTO Loaned (Reader_ID, Book_ID, Branch_ID, Issue_Date, Return_Date) VALUES (403, 242, 29 , ""2022-01-28"" , ""2022-02-11"");",
734,517,189,08-15-2022,2022-08-29,,"INSERT INTO Loaned (Reader_ID, Book_ID, Branch_ID, Issue_Date, Return_Date) VALUES (734, 517, 189 , ""2022-08-15"" , ""2022-08-29"");",
427,878,105,05-01-2022,2022-05-15,,"INSERT INTO Loaned (Reader_ID, Book_ID, Branch_ID, Issue_Date, Return_Date) VALUES (427, 878, 105 , ""2022-05-01"" , ""2022-05-15"");",
484,1172,66,11-21-2022,2022-12-05,,"INSERT INTO Loaned (Reader_ID, Book_ID, Branch_ID, Issue_Date, Return_Date) VALUES (484, 1172, 66 , ""2022-11-21"" , ""2022-12-05"");",
210,332,115,05-22-2022,2022-06-05,,"INSERT INTO Loaned (Reader_ID, Book_ID, Branch_ID, Issue_Date, Return_Date) VALUES (210, 332, 115 , ""2022-05-22"" , ""2022-06-05"");",
113,534,2,07-02-2022,2022-07-16,,"INSERT INTO Loaned (Reader_ID, Book_ID, Branch_ID, Issue_Date, Return_Date) VALUES (113, 534, 2 , ""2022-07-02"" , ""2022-07-16"");",
604,1293,140,08-23-2022,2022-09-06,,"INSERT INTO Loaned (Reader_ID, Book_ID, Branch_ID, Issue_Date, Return_Date) VALUES (604, 1293, 140 , ""2022-08-23"" , ""2022-09-06"");",
901,1138,17,02-22-2022,2022-03-08,,"INSERT INTO Loaned (Reader_ID, Book_ID, Branch_ID, Issue_Date, Return_Date) VALUES (901, 1138, 17 , ""2022-02-22"" , ""2022-03-08"");",
393,192,73,05-30-2022,2022-06-13,,"INSERT INTO Loaned (Reader_ID, Book_ID, Branch_ID, Issue_Date, Return_Date) VALUES (393, 192, 73 , ""2022-05-30"" , ""2022-06-13"");",
109,1023,44,08-12-2022,2022-08-26,,"INSERT INTO Loaned (Reader_ID, Book_ID, Branch_ID, Issue_Date, Return_Date) VALUES (109, 1023, 44 , ""2022-08-12"" , ""2022-08-26"");",
190,1006,92,10-04-2022,2022-10-18,,"INSERT INTO Loaned (Reader_ID, Book_ID, Branch_ID, Issue_Date, Return_Date) VALUES (190, 1006, 92 , ""2022-10-04"" , ""2022-10-18"");",
929,336,138,04-27-2022,2022-05-11,,"INSERT INTO Loaned (Reader_ID, Book_ID, Branch_ID, Issue_Date, Return_Date) VALUES (929, 336, 138 , ""2022-04-27"" , ""2022-05-11"");",
685,853,178,07-23-2022,2022-08-06,,"INSERT INTO Loaned (Reader_ID, Book_ID, Branch_ID, Issue_Date, Return_Date) VALUES (685, 853, 178 , ""2022-07-23"" , ""2022-08-06"");",
712,1283,169,09-08-2022,2022-09-22,,"INSERT INTO Loaned (Reader_ID, Book_ID, Branch_ID, Issue_Date, Return_Date) VALUES (712, 1283, 169 , ""2022-09-08"" , ""2022-09-22"");",
521,1092,188,12-29-2022,2023-01-12,,"INSERT INTO Loaned (Reader_ID, Book_ID, Branch_ID, Issue_Date, Return_Date) VALUES (521, 1092, 188 , ""2022-12-29"" , ""2023-01-12"");",
656,1170,46,09-11-2022,2022-09-25,,"INSERT INTO Loaned (Reader_ID, Book_ID, Branch_ID, Issue_Date, Return_Date) VALUES (656, 1170, 46 , ""2022-09-11"" , ""2022-09-25"");",
887,572,19,01-22-2022,2022-02-05,,"INSERT INTO Loaned (Reader_ID, Book_ID, Branch_ID, Issue_Date, Return_Date) VALUES (887, 572, 19 , ""2022-01-22"" , ""2022-02-05"");",
423,426,80,08-11-2022,2022-08-25,,"INSERT INTO Loaned (Reader_ID, Book_ID, Branch_ID, Issue_Date, Return_Date) VALUES (423, 426, 80 , ""2022-08-11"" , ""2022-08-25"");",
867,1182,146,04-19-2022,2022-05-03,,"INSERT INTO Loaned (Reader_ID, Book_ID, Branch_ID, Issue_Date, Return_Date) VALUES (867, 1182, 146 , ""2022-04-19"" , ""2022-05-03"");",
431,1113,169,04-08-2022,2022-04-22,,"INSERT INTO Loaned (Reader_ID, Book_ID, Branch_ID, Issue_Date, Return_Date) VALUES (431, 1113, 169 , ""2022-04-08"" , ""2022-04-22"");",
127,1339,102,06-13-2022,2022-06-27,,"INSERT INTO Loaned (Reader_ID, Book_ID, Branch_ID, Issue_Date, Return_Date) VALUES (127, 1339, 102 , ""2022-06-13"" , ""2022-06-27"");",
403,730,133,06-28-2022,2022-07-12,,"INSERT INTO Loaned (Reader_ID, Book_ID, Branch_ID, Issue_Date, Return_Date) VALUES (403, 730, 133 , ""2022-06-28"" , ""2022-07-12"");",
92,1033,165,04-26-2022,2022-05-10,,"INSERT INTO Loaned (Reader_ID, Book_ID, Branch_ID, Issue_Date, Return_Date) VALUES (92, 1033, 165 , ""2022-04-26"" , ""2022-05-10"");",
921,199,90,06-05-2022,2022-06-19,,"INSERT INTO Loaned (Reader_ID, Book_ID, Branch_ID, Issue_Date, Return_Date) VALUES (921, 199, 90 , ""2022-06-05"" , ""2022-06-19"");",
417,1445,195,04-07-2022,2022-04-21,,"INSERT INTO Loaned (Reader_ID, Book_ID, Branch_ID, Issue_Date, Return_Date) VALUES (417, 1445, 195 , ""2022-04-07"" , ""2022-04-21"");",
858,1092,72,05-26-2022,2022-06-09,,"INSERT INTO Loaned (Reader_ID, Book_ID, Branch_ID, Issue_Date, Return_Date) VALUES (858, 1092, 72 , ""2022-05-26"" , ""2022-06-09"");",
810,1407,158,02-13-2022,2022-02-27,,"INSERT INTO Loaned (Reader_ID, Book_ID, Branch_ID, Issue_Date, Return_Date) VALUES (810, 1407, 158 , ""2022-02-13"" , ""2022-02-27"");",
426,415,97,02-18-2022,2022-03-04,,"INSERT INTO Loaned (Reader_ID, Book_ID, Branch_ID, Issue_Date, Return_Date) VALUES (426, 415, 97 , ""2022-02-18"" , ""2022-03-04"");",
571,30,188,06-30-2022,2022-07-14,,"INSERT INTO Loaned (Reader_ID, Book_ID, Branch_ID, Issue_Date, Return_Date) VALUES (571, 30, 188 , ""2022-06-30"" , ""2022-07-14"");",
861,1137,37,01-05-2022,2022-01-19,,"INSERT INTO Loaned (Reader_ID, Book_ID, Branch_ID, Issue_Date, Return_Date) VALUES (861, 1137, 37 , ""2022-01-05"" , ""2022-01-19"");",
30,468,139,07-07-2022,2022-07-21,,"INSERT INTO Loaned (Reader_ID, Book_ID, Branch_ID, Issue_Date, Return_Date) VALUES (30, 468, 139 , ""2022-07-07"" , ""2022-07-21"");",
676,666,113,01-06-2022,2022-01-20,,"INSERT INTO Loaned (Reader_ID, Book_ID, Branch_ID, Issue_Date, Return_Date) VALUES (676, 666, 113 , ""2022-01-06"" , ""2022-01-20"");",
64,72,48,11-13-2022,2022-11-27,,"INSERT INTO Loaned (Reader_ID, Book_ID, Branch_ID, Issue_Date, Return_Date) VALUES (64, 72, 48 , ""2022-11-13"" , ""2022-11-27"");",
792,1430,66,06-22-2022,2022-07-06,,"INSERT INTO Loaned (Reader_ID, Book_ID, Branch_ID, Issue_Date, Return_Date) VALUES (792, 1430, 66 , ""2022-06-22"" , ""2022-07-06"");",
460,112,21,10-11-2022,2022-10-25,,"INSERT INTO Loaned (Reader_ID, Book_ID, Branch_ID, Issue_Date, Return_Date) VALUES (460, 112, 21 , ""2022-10-11"" , ""2022-10-25"");",
992,478,98,10-03-2022,2022-10-17,,"INSERT INTO Loaned (Reader_ID, Book_ID, Branch_ID, Issue_Date, Return_Date) VALUES (992, 478, 98 , ""2022-10-03"" , ""2022-10-17"");",
292,351,111,04-16-2022,2022-04-30,,"INSERT INTO Loaned (Reader_ID, Book_ID, Branch_ID, Issue_Date, Return_Date) VALUES (292, 351, 111 , ""2022-04-16"" , ""2022-04-30"");",
54,383,115,05-15-2022,2022-05-29,,"INSERT INTO Loaned (Reader_ID, Book_ID, Branch_ID, Issue_Date, Return_Date) VALUES (54, 383, 115 , ""2022-05-15"" , ""2022-05-29"");",
598,427,39,07-28-2022,2022-08-11,,"INSERT INTO Loaned (Reader_ID, Book_ID, Branch_ID, Issue_Date, Return_Date) VALUES (598, 427, 39 , ""2022-07-28"" , ""2022-08-11"");",
409,1321,150,05-09-2022,2022-05-23,,"INSERT INTO Loaned (Reader_ID, Book_ID, Branch_ID, Issue_Date, Return_Date) VALUES (409, 1321, 150 , ""2022-05-09"" , ""2022-05-23"");",
433,44,118,09-08-2022,2022-09-22,,"INSERT INTO Loaned (Reader_ID, Book_ID, Branch_ID, Issue_Date, Return_Date) VALUES (433, 44, 118 , ""2022-09-08"" , ""2022-09-22"");",
233,1050,153,01-04-2022,2022-01-18,,"INSERT INTO Loaned (Reader_ID, Book_ID, Branch_ID, Issue_Date, Return_Date) VALUES (233, 1050, 153 , ""2022-01-04"" , ""2022-01-18"");",
103,526,115,11-19-2022,2022-12-03,,"INSERT INTO Loaned (Reader_ID, Book_ID, Branch_ID, Issue_Date, Return_Date) VALUES (103, 526, 115 , ""2022-11-19"" , ""2022-12-03"");",
94,284,107,08-05-2022,2022-08-19,,"INSERT INTO Loaned (Reader_ID, Book_ID, Branch_ID, Issue_Date, Return_Date) VALUES (94, 284, 107 , ""2022-08-05"" , ""2022-08-19"");",
914,328,51,08-03-2022,2022-08-17,,"INSERT INTO Loaned (Reader_ID, Book_ID, Branch_ID, Issue_Date, Return_Date) VALUES (914, 328, 51 , ""2022-08-03"" , ""2022-08-17"");",
429,180,25,07-08-2022,2022-07-22,,"INSERT INTO Loaned (Reader_ID, Book_ID, Branch_ID, Issue_Date, Return_Date) VALUES (429, 180, 25 , ""2022-07-08"" , ""2022-07-22"");",
331,1483,68,06-23-2022,2022-07-07,,"INSERT INTO Loaned (Reader_ID, Book_ID, Branch_ID, Issue_Date, Return_Date) VALUES (331, 1483, 68 , ""2022-06-23"" , ""2022-07-07"");",
39,1298,28,08-30-2022,2022-09-13,,"INSERT INTO Loaned (Reader_ID, Book_ID, Branch_ID, Issue_Date, Return_Date) VALUES (39, 1298, 28 , ""2022-08-30"" , ""2022-09-13"");",
729,641,30,12-11-2022,2022-12-25,,"INSERT INTO Loaned (Reader_ID, Book_ID, Branch_ID, Issue_Date, Return_Date) VALUES (729, 641, 30 , ""2022-12-11"" , ""2022-12-25"");",
658,716,110,09-07-2022,2022-09-21,,"INSERT INTO Loaned (Reader_ID, Book_ID, Branch_ID, Issue_Date, Return_Date) VALUES (658, 716, 110 , ""2022-09-07"" , ""2022-09-21"");",
343,823,47,11-08-2022,2022-11-22,,"INSERT INTO Loaned (Reader_ID, Book_ID, Branch_ID, Issue_Date, Return_Date) VALUES (343, 823, 47 , ""2022-11-08"" , ""2022-11-22"");",
115,1015,15,09-23-2022,2022-10-07,,"INSERT INTO Loaned (Reader_ID, Book_ID, Branch_ID, Issue_Date, Return_Date) VALUES (115, 1015, 15 , ""2022-09-23"" , ""2022-10-07"");",
247,253,87,03-25-2022,2022-04-08,,"INSERT INTO Loaned (Reader_ID, Book_ID, Branch_ID, Issue_Date, Return_Date) VALUES (247, 253, 87 , ""2022-03-25"" , ""2022-04-08"");",
665,873,110,02-25-2022,2022-03-11,,"INSERT INTO Loaned (Reader_ID, Book_ID, Branch_ID, Issue_Date, Return_Date) VALUES (665, 873, 110 , ""2022-02-25"" , ""2022-03-11"");",
974,271,191,01-08-2022,2022-01-22,,"INSERT INTO Loaned (Reader_ID, Book_ID, Branch_ID, Issue_Date, Return_Date) VALUES (974, 271, 191 , ""2022-01-08"" , ""2022-01-22"");",
831,161,89,10-29-2022,2022-11-12,,"INSERT INTO Loaned (Reader_ID, Book_ID, Branch_ID, Issue_Date, Return_Date) VALUES (831, 161, 89 , ""2022-10-29"" , ""2022-11-12"");",
791,1333,177,09-17-2022,2022-10-01,,"INSERT INTO Loaned (Reader_ID, Book_ID, Branch_ID, Issue_Date, Return_Date) VALUES (791, 1333, 177 , ""2022-09-17"" , ""2022-10-01"");",
928,528,146,06-19-2022,2022-07-03,,"INSERT INTO Loaned (Reader_ID, Book_ID, Branch_ID, Issue_Date, Return_Date) VALUES (928, 528, 146 , ""2022-06-19"" , ""2022-07-03"");",
782,1183,76,08-06-2022,2022-08-20,,"INSERT INTO Loaned (Reader_ID, Book_ID, Branch_ID, Issue_Date, Return_Date) VALUES (782, 1183, 76 , ""2022-08-06"" , ""2022-08-20"");",
288,769,163,02-25-2022,2022-03-11,,"INSERT INTO Loaned (Reader_ID, Book_ID, Branch_ID, Issue_Date, Return_Date) VALUES (288, 769, 163 , ""2022-02-25"" , ""2022-03-11"");",
937,1083,74,05-02-2022,2022-05-16,,"INSERT INTO Loaned (Reader_ID, Book_ID, Branch_ID, Issue_Date, Return_Date) VALUES (937, 1083, 74 , ""2022-05-02"" , ""2022-05-16"");",
917,926,57,01-25-2022,2022-02-08,,"INSERT INTO Loaned (Reader_ID, Book_ID, Branch_ID, Issue_Date, Return_Date) VALUES (917, 926, 57 , ""2022-01-25"" , ""2022-02-08"");",
867,739,111,08-25-2022,2022-09-08,,"INSERT INTO Loaned (Reader_ID, Book_ID, Branch_ID, Issue_Date, Return_Date) VALUES (867, 739, 111 , ""2022-08-25"" , ""2022-09-08"");",
355,758,54,09-04-2022,2022-09-18,,"INSERT INTO Loaned (Reader_ID, Book_ID, Branch_ID, Issue_Date, Return_Date) VALUES (355, 758, 54 , ""2022-09-04"" , ""2022-09-18"");",
416,27,62,09-26-2022,2022-10-10,,"INSERT INTO Loaned (Reader_ID, Book_ID, Branch_ID, Issue_Date, Return_Date) VALUES (416, 27, 62 , ""2022-09-26"" , ""2022-10-10"");",
762,218,57,10-22-2022,2022-11-05,,"INSERT INTO Loaned (Reader_ID, Book_ID, Branch_ID, Issue_Date, Return_Date) VALUES (762, 218, 57 , ""2022-10-22"" , ""2022-11-05"");",
544,145,143,05-09-2022,2022-05-23,,"INSERT INTO Loaned (Reader_ID, Book_ID, Branch_ID, Issue_Date, Return_Date) VALUES (544, 145, 143 , ""2022-05-09"" , ""2022-05-23"");",
598,1122,124,10-07-2022,2022-10-21,,"INSERT INTO Loaned (Reader_ID, Book_ID, Branch_ID, Issue_Date, Return_Date) VALUES (598, 1122, 124 , ""2022-10-07"" , ""2022-10-21"");",
49,193,36,11-01-2022,2022-11-15,,"INSERT INTO Loaned (Reader_ID, Book_ID, Branch_ID, Issue_Date, Return_Date) VALUES (49, 193, 36 , ""2022-11-01"" , ""2022-11-15"");",
112,420,110,07-26-2022,2022-08-09,,"INSERT INTO Loaned (Reader_ID, Book_ID, Branch_ID, Issue_Date, Return_Date) VALUES (112, 420, 110 , ""2022-07-26"" , ""2022-08-09"");",
517,1049,199,12-19-2022,2023-01-02,,"INSERT INTO Loaned (Reader_ID, Book_ID, Branch_ID, Issue_Date, Return_Date) VALUES (517, 1049, 199 , ""2022-12-19"" , ""2023-01-02"");",
341,276,41,09-04-2022,2022-09-18,,"INSERT INTO Loaned (Reader_ID, Book_ID, Branch_ID, Issue_Date, Return_Date) VALUES (341, 276, 41 , ""2022-09-04"" , ""2022-09-18"");",
713,1155,189,05-13-2022,2022-05-27,,"INSERT INTO Loaned (Reader_ID, Book_ID, Branch_ID, Issue_Date, Return_Date) VALUES (713, 1155, 189 , ""2022-05-13"" , ""2022-05-27"");",
772,1098,89,11-02-2022,2022-11-16,,"INSERT INTO Loaned (Reader_ID, Book_ID, Branch_ID, Issue_Date, Return_Date) VALUES (772, 1098, 89 , ""2022-11-02"" , ""2022-11-16"");",
655,1467,125,04-30-2022,2022-05-14,,"INSERT INTO Loaned (Reader_ID, Book_ID, Branch_ID, Issue_Date, Return_Date) VALUES (655, 1467, 125 , ""2022-04-30"" , ""2022-05-14"");",
171,1485,148,02-27-2022,2022-03-13,,"INSERT INTO Loaned (Reader_ID, Book_ID, Branch_ID, Issue_Date, Return_Date) VALUES (171, 1485, 148 , ""2022-02-27"" , ""2022-03-13"");",
517,858,85,09-16-2022,2022-09-30,,"INSERT INTO Loaned (Reader_ID, Book_ID, Branch_ID, Issue_Date, Return_Date) VALUES (517, 858, 85 , ""2022-09-16"" , ""2022-09-30"");",
674,663,183,08-10-2022,2022-08-24,,"INSERT INTO Loaned (Reader_ID, Book_ID, Branch_ID, Issue_Date, Return_Date) VALUES (674, 663, 183 , ""2022-08-10"" , ""2022-08-24"");",
631,1217,129,02-07-2022,2022-02-21,,"INSERT INTO Loaned (Reader_ID, Book_ID, Branch_ID, Issue_Date, Return_Date) VALUES (631, 1217, 129 , ""2022-02-07"" , ""2022-02-21"");",
369,1033,85,12-26-2022,2023-01-09,,"INSERT INTO Loaned (Reader_ID, Book_ID, Branch_ID, Issue_Date, Return_Date) VALUES (369, 1033, 85 , ""2022-12-26"" , ""2023-01-09"");",
49,1068,8,08-13-2022,2022-08-27,,"INSERT INTO Loaned (Reader_ID, Book_ID, Branch_ID, Issue_Date, Return_Date) VALUES (49, 1068, 8 , ""2022-08-13"" , ""2022-08-27"");",
179,940,97,07-28-2022,2022-08-11,,"INSERT INTO Loaned (Reader_ID, Book_ID, Branch_ID, Issue_Date, Return_Date) VALUES (179, 940, 97 , ""2022-07-28"" , ""2022-08-11"");",
101,1497,113,10-24-2022,2022-11-07,,"INSERT INTO Loaned (Reader_ID, Book_ID, Branch_ID, Issue_Date, Return_Date) VALUES (101, 1497, 113 , ""2022-10-24"" , ""2022-11-07"");",
787,667,172,10-12-2022,2022-10-26,,"INSERT INTO Loaned (Reader_ID, Book_ID, Branch_ID, Issue_Date, Return_Date) VALUES (787, 667, 172 , ""2022-10-12"" , ""2022-10-26"");",
892,714,137,01-22-2022,2022-02-05,,"INSERT INTO Loaned (Reader_ID, Book_ID, Branch_ID, Issue_Date, Return_Date) VALUES (892, 714, 137 , ""2022-01-22"" , ""2022-02-05"");",
185,1463,109,06-10-2022,2022-06-24,,"INSERT INTO Loaned (Reader_ID, Book_ID, Branch_ID, Issue_Date, Return_Date) VALUES (185, 1463, 109 , ""2022-06-10"" , ""2022-06-24"");",
854,421,6,05-30-2022,2022-06-13,,"INSERT INTO Loaned (Reader_ID, Book_ID, Branch_ID, Issue_Date, Return_Date) VALUES (854, 421, 6 , ""2022-05-30"" , ""2022-06-13"");",
807,1376,144,05-04-2022,2022-05-18,,"INSERT INTO Loaned (Reader_ID, Book_ID, Branch_ID, Issue_Date, Return_Date) VALUES (807, 1376, 144 , ""2022-05-04"" , ""2022-05-18"");",
497,688,58,07-25-2022,2022-08-08,,"INSERT INTO Loaned (Reader_ID, Book_ID, Branch_ID, Issue_Date, Return_Date) VALUES (497, 688, 58 , ""2022-07-25"" , ""2022-08-08"");",
742,562,199,04-13-2022,2022-04-27,,"INSERT INTO Loaned (Reader_ID, Book_ID, Branch_ID, Issue_Date, Return_Date) VALUES (742, 562, 199 , ""2022-04-13"" , ""2022-04-27"");",
214,1153,189,08-06-2022,2022-08-20,,"INSERT INTO Loaned (Reader_ID, Book_ID, Branch_ID, Issue_Date, Return_Date) VALUES (214, 1153, 189 , ""2022-08-06"" , ""2022-08-20"");",
229,365,200,02-24-2022,2022-03-10,,"INSERT INTO Loaned (Reader_ID, Book_ID, Branch_ID, Issue_Date, Return_Date) VALUES (229, 365, 200 , ""2022-02-24"" , ""2022-03-10"");",
249,12,179,03-02-2022,2022-03-16,,"INSERT INTO Loaned (Reader_ID, Book_ID, Branch_ID, Issue_Date, Return_Date) VALUES (249, 12, 179 , ""2022-03-02"" , ""2022-03-16"");",
789,908,175,04-13-2022,2022-04-27,,"INSERT INTO Loaned (Reader_ID, Book_ID, Branch_ID, Issue_Date, Return_Date) VALUES (789, 908, 175 , ""2022-04-13"" , ""2022-04-27"");",
648,123,87,04-16-2022,2022-04-30,,"INSERT INTO Loaned (Reader_ID, Book_ID, Branch_ID, Issue_Date, Return_Date) VALUES (648, 123, 87 , ""2022-04-16"" , ""2022-04-30"");",
882,886,49,02-03-2022,2022-02-17,,"INSERT INTO Loaned (Reader_ID, Book_ID, Branch_ID, Issue_Date, Return_Date) VALUES (882, 886, 49 , ""2022-02-03"" , ""2022-02-17"");",
441,1397,109,02-21-2022,2022-03-07,,"INSERT INTO Loaned (Reader_ID, Book_ID, Branch_ID, Issue_Date, Return_Date) VALUES (441, 1397, 109 , ""2022-02-21"" , ""2022-03-07"");",
291,185,70,07-12-2022,2022-07-26,,"INSERT INTO Loaned (Reader_ID, Book_ID, Branch_ID, Issue_Date, Return_Date) VALUES (291, 185, 70 , ""2022-07-12"" , ""2022-07-26"");",
886,119,168,12-08-2022,2022-12-22,,"INSERT INTO Loaned (Reader_ID, Book_ID, Branch_ID, Issue_Date, Return_Date) VALUES (886, 119, 168 , ""2022-12-08"" , ""2022-12-22"");",
56,353,26,12-10-2022,2022-12-24,,"INSERT INTO Loaned (Reader_ID, Book_ID, Branch_ID, Issue_Date, Return_Date) VALUES (56, 353, 26 , ""2022-12-10"" , ""2022-12-24"");",
918,640,156,10-04-2022,2022-10-18,,"INSERT INTO Loaned (Reader_ID, Book_ID, Branch_ID, Issue_Date, Return_Date) VALUES (918, 640, 156 , ""2022-10-04"" , ""2022-10-18"");",
389,1431,163,04-23-2022,2022-05-07,,"INSERT INTO Loaned (Reader_ID, Book_ID, Branch_ID, Issue_Date, Return_Date) VALUES (389, 1431, 163 , ""2022-04-23"" , ""2022-05-07"");",
491,1218,34,10-30-2022,2022-11-13,,"INSERT INTO Loaned (Reader_ID, Book_ID, Branch_ID, Issue_Date, Return_Date) VALUES (491, 1218, 34 , ""2022-10-30"" , ""2022-11-13"");",
850,1075,60,07-26-2022,2022-08-09,,"INSERT INTO Loaned (Reader_ID, Book_ID, Branch_ID, Issue_Date, Return_Date) VALUES (850, 1075, 60 , ""2022-07-26"" , ""2022-08-09"");",
77,607,46,08-23-2022,2022-09-06,,"INSERT INTO Loaned (Reader_ID, Book_ID, Branch_ID, Issue_Date, Return_Date) VALUES (77, 607, 46 , ""2022-08-23"" , ""2022-09-06"");",
629,458,110,10-31-2022,2022-11-14,,"INSERT INTO Loaned (Reader_ID, Book_ID, Branch_ID, Issue_Date, Return_Date) VALUES (629, 458, 110 , ""2022-10-31"" , ""2022-11-14"");",
887,250,19,02-07-2022,2022-02-21,,"INSERT INTO Loaned (Reader_ID, Book_ID, Branch_ID, Issue_Date, Return_Date) VALUES (887, 250, 19 , ""2022-02-07"" , ""2022-02-21"");",
644,1452,147,01-06-2022,2022-01-20,,"INSERT INTO Loaned (Reader_ID, Book_ID, Branch_ID, Issue_Date, Return_Date) VALUES (644, 1452, 147 , ""2022-01-06"" , ""2022-01-20"");",
100,1355,101,05-09-2022,2022-05-23,,"INSERT INTO Loaned (Reader_ID, Book_ID, Branch_ID, Issue_Date, Return_Date) VALUES (100, 1355, 101 , ""2022-05-09"" , ""2022-05-23"");",
396,654,105,05-25-2022,2022-06-08,,"INSERT INTO Loaned (Reader_ID, Book_ID, Branch_ID, Issue_Date, Return_Date) VALUES (396, 654, 105 , ""2022-05-25"" , ""2022-06-08"");",
602,552,43,02-11-2022,2022-02-25,,"INSERT INTO Loaned (Reader_ID, Book_ID, Branch_ID, Issue_Date, Return_Date) VALUES (602, 552, 43 , ""2022-02-11"" , ""2022-02-25"");",
675,910,33,11-27-2022,2022-12-11,,"INSERT INTO Loaned (Reader_ID, Book_ID, Branch_ID, Issue_Date, Return_Date) VALUES (675, 910, 33 , ""2022-11-27"" , ""2022-12-11"");",
740,265,36,02-26-2022,2022-03-12,,"INSERT INTO Loaned (Reader_ID, Book_ID, Branch_ID, Issue_Date, Return_Date) VALUES (740, 265, 36 , ""2022-02-26"" , ""2022-03-12"");",
407,986,18,08-04-2022,2022-08-18,,"INSERT INTO Loaned (Reader_ID, Book_ID, Branch_ID, Issue_Date, Return_Date) VALUES (407, 986, 18 , ""2022-08-04"" , ""2022-08-18"");",
864,1480,111,06-27-2022,2022-07-11,,"INSERT INTO Loaned (Reader_ID, Book_ID, Branch_ID, Issue_Date, Return_Date) VALUES (864, 1480, 111 , ""2022-06-27"" , ""2022-07-11"");",
235,457,28,11-19-2022,2022-12-03,,"INSERT INTO Loaned (Reader_ID, Book_ID, Branch_ID, Issue_Date, Return_Date) VALUES (235, 457, 28 , ""2022-11-19"" , ""2022-12-03"");",
462,1123,168,02-26-2022,2022-03-12,,"INSERT INTO Loaned (Reader_ID, Book_ID, Branch_ID, Issue_Date, Return_Date) VALUES (462, 1123, 168 , ""2022-02-26"" , ""2022-03-12"");",
761,1453,21,01-16-2022,2022-01-30,,"INSERT INTO Loaned (Reader_ID, Book_ID, Branch_ID, Issue_Date, Return_Date) VALUES (761, 1453, 21 , ""2022-01-16"" , ""2022-01-30"");",
895,455,6,02-12-2022,2022-02-26,,"INSERT INTO Loaned (Reader_ID, Book_ID, Branch_ID, Issue_Date, Return_Date) VALUES (895, 455, 6 , ""2022-02-12"" , ""2022-02-26"");",
278,5,11,10-13-2022,2022-10-27,,"INSERT INTO Loaned (Reader_ID, Book_ID, Branch_ID, Issue_Date, Return_Date) VALUES (278, 5, 11 , ""2022-10-13"" , ""2022-10-27"");",
893,1183,27,11-07-2022,2022-11-21,,"INSERT INTO Loaned (Reader_ID, Book_ID, Branch_ID, Issue_Date, Return_Date) VALUES (893, 1183, 27 , ""2022-11-07"" , ""2022-11-21"");",
110,1072,58,08-20-2022,2022-09-03,,"INSERT INTO Loaned (Reader_ID, Book_ID, Branch_ID, Issue_Date, Return_Date) VALUES (110, 1072, 58 , ""2022-08-20"" , ""2022-09-03"");",
150,898,199,05-10-2022,2022-05-24,,"INSERT INTO Loaned (Reader_ID, Book_ID, Branch_ID, Issue_Date, Return_Date) VALUES (150, 898, 199 , ""2022-05-10"" , ""2022-05-24"");",
711,451,90,04-12-2022,2022-04-26,,"INSERT INTO Loaned (Reader_ID, Book_ID, Branch_ID, Issue_Date, Return_Date) VALUES (711, 451, 90 , ""2022-04-12"" , ""2022-04-26"");",
221,291,36,02-11-2022,2022-02-25,,"INSERT INTO Loaned (Reader_ID, Book_ID, Branch_ID, Issue_Date, Return_Date) VALUES (221, 291, 36 , ""2022-02-11"" , ""2022-02-25"");",
120,1289,25,05-24-2022,2022-06-07,,"INSERT INTO Loaned (Reader_ID, Book_ID, Branch_ID, Issue_Date, Return_Date) VALUES (120, 1289, 25 , ""2022-05-24"" , ""2022-06-07"");",
530,338,104,05-23-2022,2022-06-06,,"INSERT INTO Loaned (Reader_ID, Book_ID, Branch_ID, Issue_Date, Return_Date) VALUES (530, 338, 104 , ""2022-05-23"" , ""2022-06-06"");",
588,335,134,11-03-2022,2022-11-17,,"INSERT INTO Loaned (Reader_ID, Book_ID, Branch_ID, Issue_Date, Return_Date) VALUES (588, 335, 134 , ""2022-11-03"" , ""2022-11-17"");",
731,904,55,12-23-2022,2023-01-06,,"INSERT INTO Loaned (Reader_ID, Book_ID, Branch_ID, Issue_Date, Return_Date) VALUES (731, 904, 55 , ""2022-12-23"" , ""2023-01-06"");",
470,958,12,07-09-2022,2022-07-23,,"INSERT INTO Loaned (Reader_ID, Book_ID, Branch_ID, Issue_Date, Return_Date) VALUES (470, 958, 12 , ""2022-07-09"" , ""2022-07-23"");",
587,870,169,07-13-2022,2022-07-27,,"INSERT INTO Loaned (Reader_ID, Book_ID, Branch_ID, Issue_Date, Return_Date) VALUES (587, 870, 169 , ""2022-07-13"" , ""2022-07-27"");",
725,1220,44,06-15-2022,2022-06-29,,"INSERT INTO Loaned (Reader_ID, Book_ID, Branch_ID, Issue_Date, Return_Date) VALUES (725, 1220, 44 , ""2022-06-15"" , ""2022-06-29"");",
157,992,44,05-26-2022,2022-06-09,,"INSERT INTO Loaned (Reader_ID, Book_ID, Branch_ID, Issue_Date, Return_Date) VALUES (157, 992, 44 , ""2022-05-26"" , ""2022-06-09"");",
358,1398,127,09-24-2022,2022-10-08,,"INSERT INTO Loaned (Reader_ID, Book_ID, Branch_ID, Issue_Date, Return_Date) VALUES (358, 1398, 127 , ""2022-09-24"" , ""2022-10-08"");",
897,325,111,12-31-2022,2023-01-14,,"INSERT INTO Loaned (Reader_ID, Book_ID, Branch_ID, Issue_Date, Return_Date) VALUES (897, 325, 111 , ""2022-12-31"" , ""2023-01-14"");",
676,933,161,10-13-2022,2022-10-27,,"INSERT INTO Loaned (Reader_ID, Book_ID, Branch_ID, Issue_Date, Return_Date) VALUES (676, 933, 161 , ""2022-10-13"" , ""2022-10-27"");",
169,1097,72,06-27-2022,2022-07-11,,"INSERT INTO Loaned (Reader_ID, Book_ID, Branch_ID, Issue_Date, Return_Date) VALUES (169, 1097, 72 , ""2022-06-27"" , ""2022-07-11"");",
710,1015,98,05-01-2022,2022-05-15,,"INSERT INTO Loaned (Reader_ID, Book_ID, Branch_ID, Issue_Date, Return_Date) VALUES (710, 1015, 98 , ""2022-05-01"" , ""2022-05-15"");",
674,496,76,01-29-2022,2022-02-12,,"INSERT INTO Loaned (Reader_ID, Book_ID, Branch_ID, Issue_Date, Return_Date) VALUES (674, 496, 76 , ""2022-01-29"" , ""2022-02-12"");",
61,1272,187,01-24-2022,2022-02-07,,"INSERT INTO Loaned (Reader_ID, Book_ID, Branch_ID, Issue_Date, Return_Date) VALUES (61, 1272, 187 , ""2022-01-24"" , ""2022-02-07"");",
520,1178,40,10-03-2022,2022-10-17,,"INSERT INTO Loaned (Reader_ID, Book_ID, Branch_ID, Issue_Date, Return_Date) VALUES (520, 1178, 40 , ""2022-10-03"" , ""2022-10-17"");",
198,723,148,01-29-2022,2022-02-12,,"INSERT INTO Loaned (Reader_ID, Book_ID, Branch_ID, Issue_Date, Return_Date) VALUES (198, 723, 148 , ""2022-01-29"" , ""2022-02-12"");",
770,782,26,03-06-2022,2022-03-20,,"INSERT INTO Loaned (Reader_ID, Book_ID, Branch_ID, Issue_Date, Return_Date) VALUES (770, 782, 26 , ""2022-03-06"" , ""2022-03-20"");",
564,1165,172,07-02-2022,2022-07-16,,"INSERT INTO Loaned (Reader_ID, Book_ID, Branch_ID, Issue_Date, Return_Date) VALUES (564, 1165, 172 , ""2022-07-02"" , ""2022-07-16"");",
525,796,141,10-26-2022,2022-11-09,,"INSERT INTO Loaned (Reader_ID, Book_ID, Branch_ID, Issue_Date, Return_Date) VALUES (525, 796, 141 , ""2022-10-26"" , ""2022-11-09"");",
760,185,194,07-05-2022,2022-07-19,,"INSERT INTO Loaned (Reader_ID, Book_ID, Branch_ID, Issue_Date, Return_Date) VALUES (760, 185, 194 , ""2022-07-05"" , ""2022-07-19"");",
721,930,88,08-19-2022,2022-09-02,,"INSERT INTO Loaned (Reader_ID, Book_ID, Branch_ID, Issue_Date, Return_Date) VALUES (721, 930, 88 , ""2022-08-19"" , ""2022-09-02"");",
522,1225,170,03-07-2022,2022-03-21,,"INSERT INTO Loaned (Reader_ID, Book_ID, Branch_ID, Issue_Date, Return_Date) VALUES (522, 1225, 170 , ""2022-03-07"" , ""2022-03-21"");",
660,61,17,08-25-2022,2022-09-08,,"INSERT INTO Loaned (Reader_ID, Book_ID, Branch_ID, Issue_Date, Return_Date) VALUES (660, 61, 17 , ""2022-08-25"" , ""2022-09-08"");",
691,1152,152,07-12-2022,2022-07-26,,"INSERT INTO Loaned (Reader_ID, Book_ID, Branch_ID, Issue_Date, Return_Date) VALUES (691, 1152, 152 , ""2022-07-12"" , ""2022-07-26"");",
238,352,172,02-22-2022,2022-03-08,,"INSERT INTO Loaned (Reader_ID, Book_ID, Branch_ID, Issue_Date, Return_Date) VALUES (238, 352, 172 , ""2022-02-22"" , ""2022-03-08"");",
43,56,21,08-29-2022,2022-09-12,,"INSERT INTO Loaned (Reader_ID, Book_ID, Branch_ID, Issue_Date, Return_Date) VALUES (43, 56, 21 , ""2022-08-29"" , ""2022-09-12"");",
222,1237,42,08-28-2022,2022-09-11,,"INSERT INTO Loaned (Reader_ID, Book_ID, Branch_ID, Issue_Date, Return_Date) VALUES (222, 1237, 42 , ""2022-08-28"" , ""2022-09-11"");",
834,528,195,06-16-2022,2022-06-30,,"INSERT INTO Loaned (Reader_ID, Book_ID, Branch_ID, Issue_Date, Return_Date) VALUES (834, 528, 195 , ""2022-06-16"" , ""2022-06-30"");",
617,983,128,05-26-2022,2022-06-09,,"INSERT INTO Loaned (Reader_ID, Book_ID, Branch_ID, Issue_Date, Return_Date) VALUES (617, 983, 128 , ""2022-05-26"" , ""2022-06-09"");",
347,1109,122,02-14-2022,2022-02-28,,"INSERT INTO Loaned (Reader_ID, Book_ID, Branch_ID, Issue_Date, Return_Date) VALUES (347, 1109, 122 , ""2022-02-14"" , ""2022-02-28"");",
264,979,193,08-08-2022,2022-08-22,,"INSERT INTO Loaned (Reader_ID, Book_ID, Branch_ID, Issue_Date, Return_Date) VALUES (264, 979, 193 , ""2022-08-08"" , ""2022-08-22"");",
813,864,106,12-23-2022,2023-01-06,,"INSERT INTO Loaned (Reader_ID, Book_ID, Branch_ID, Issue_Date, Return_Date) VALUES (813, 864, 106 , ""2022-12-23"" , ""2023-01-06"");",
600,343,51,01-11-2022,2022-01-25,,"INSERT INTO Loaned (Reader_ID, Book_ID, Branch_ID, Issue_Date, Return_Date) VALUES (600, 343, 51 , ""2022-01-11"" , ""2022-01-25"");",
299,902,113,03-06-2022,2022-03-20,,"INSERT INTO Loaned (Reader_ID, Book_ID, Branch_ID, Issue_Date, Return_Date) VALUES (299, 902, 113 , ""2022-03-06"" , ""2022-03-20"");",
428,1396,8,08-21-2022,2022-09-04,,"INSERT INTO Loaned (Reader_ID, Book_ID, Branch_ID, Issue_Date, Return_Date) VALUES (428, 1396, 8 , ""2022-08-21"" , ""2022-09-04"");",
371,355,91,03-12-2022,2022-03-26,,"INSERT INTO Loaned (Reader_ID, Book_ID, Branch_ID, Issue_Date, Return_Date) VALUES (371, 355, 91 , ""2022-03-12"" , ""2022-03-26"");",
638,1165,20,04-11-2022,2022-04-25,,"INSERT INTO Loaned (Reader_ID, Book_ID, Branch_ID, Issue_Date, Return_Date) VALUES (638, 1165, 20 , ""2022-04-11"" , ""2022-04-25"");",
166,215,170,02-27-2022,2022-03-13,,"INSERT INTO Loaned (Reader_ID, Book_ID, Branch_ID, Issue_Date, Return_Date) VALUES (166, 215, 170 , ""2022-02-27"" , ""2022-03-13"");",
397,1409,22,06-05-2022,2022-06-19,,"INSERT INTO Loaned (Reader_ID, Book_ID, Branch_ID, Issue_Date, Return_Date) VALUES (397, 1409, 22 , ""2022-06-05"" , ""2022-06-19"");",
506,141,66,07-04-2022,2022-07-18,,"INSERT INTO Loaned (Reader_ID, Book_ID, Branch_ID, Issue_Date, Return_Date) VALUES (506, 141, 66 , ""2022-07-04"" , ""2022-07-18"");",
981,946,192,07-01-2022,2022-07-15,,"INSERT INTO Loaned (Reader_ID, Book_ID, Branch_ID, Issue_Date, Return_Date) VALUES (981, 946, 192 , ""2022-07-01"" , ""2022-07-15"");",
147,1303,182,05-21-2022,2022-06-04,,"INSERT INTO Loaned (Reader_ID, Book_ID, Branch_ID, Issue_Date, Return_Date) VALUES (147, 1303, 182 , ""2022-05-21"" , ""2022-06-04"");",
44,733,45,11-02-2022,2022-11-16,,"INSERT INTO Loaned (Reader_ID, Book_ID, Branch_ID, Issue_Date, Return_Date) VALUES (44, 733, 45 , ""2022-11-02"" , ""2022-11-16"");",
197,148,1,08-29-2022,2022-09-12,,"INSERT INTO Loaned (Reader_ID, Book_ID, Branch_ID, Issue_Date, Return_Date) VALUES (197, 148, 1 , ""2022-08-29"" , ""2022-09-12"");",
18,135,35,10-07-2022,2022-10-21,,"INSERT INTO Loaned (Reader_ID, Book_ID, Branch_ID, Issue_Date, Return_Date) VALUES (18, 135, 35 , ""2022-10-07"" , ""2022-10-21"");",
530,919,31,08-20-2022,2022-09-03,,"INSERT INTO Loaned (Reader_ID, Book_ID, Branch_ID, Issue_Date, Return_Date) VALUES (530, 919, 31 , ""2022-08-20"" , ""2022-09-03"");",
650,667,136,10-02-2022,2022-10-16,,"INSERT INTO Loaned (Reader_ID, Book_ID, Branch_ID, Issue_Date, Return_Date) VALUES (650, 667, 136 , ""2022-10-02"" , ""2022-10-16"");",
312,1442,97,01-09-2022,2022-01-23,,"INSERT INTO Loaned (Reader_ID, Book_ID, Branch_ID, Issue_Date, Return_Date) VALUES (312, 1442, 97 , ""2022-01-09"" , ""2022-01-23"");",
76,645,12,02-16-2022,2022-03-02,,"INSERT INTO Loaned (Reader_ID, Book_ID, Branch_ID, Issue_Date, Return_Date) VALUES (76, 645, 12 , ""2022-02-16"" , ""2022-03-02"");",
528,991,37,06-21-2022,2022-07-05,,"INSERT INTO Loaned (Reader_ID, Book_ID, Branch_ID, Issue_Date, Return_Date) VALUES (528, 991, 37 , ""2022-06-21"" , ""2022-07-05"");",
103,1069,42,01-27-2022,2022-02-10,,"INSERT INTO Loaned (Reader_ID, Book_ID, Branch_ID, Issue_Date, Return_Date) VALUES (103, 1069, 42 , ""2022-01-27"" , ""2022-02-10"");",
299,1466,45,10-24-2022,2022-11-07,,"INSERT INTO Loaned (Reader_ID, Book_ID, Branch_ID, Issue_Date, Return_Date) VALUES (299, 1466, 45 , ""2022-10-24"" , ""2022-11-07"");",
507,1114,63,10-05-2022,2022-10-19,,"INSERT INTO Loaned (Reader_ID, Book_ID, Branch_ID, Issue_Date, Return_Date) VALUES (507, 1114, 63 , ""2022-10-05"" , ""2022-10-19"");",
891,1415,195,06-26-2022,2022-07-10,,"INSERT INTO Loaned (Reader_ID, Book_ID, Branch_ID, Issue_Date, Return_Date) VALUES (891, 1415, 195 , ""2022-06-26"" , ""2022-07-10"");",
26,151,146,07-01-2022,2022-07-15,,"INSERT INTO Loaned (Reader_ID, Book_ID, Branch_ID, Issue_Date, Return_Date) VALUES (26, 151, 146 , ""2022-07-01"" , ""2022-07-15"");",
839,372,118,01-30-2022,2022-02-13,,"INSERT INTO Loaned (Reader_ID, Book_ID, Branch_ID, Issue_Date, Return_Date) VALUES (839, 372, 118 , ""2022-01-30"" , ""2022-02-13"");",
569,885,100,08-31-2022,2022-09-14,,"INSERT INTO Loaned (Reader_ID, Book_ID, Branch_ID, Issue_Date, Return_Date) VALUES (569, 885, 100 , ""2022-08-31"" , ""2022-09-14"");",
102,870,95,11-14-2022,2022-11-28,,"INSERT INTO Loaned (Reader_ID, Book_ID, Branch_ID, Issue_Date, Return_Date) VALUES (102, 870, 95 , ""2022-11-14"" , ""2022-11-28"");",
35,782,154,07-02-2022,2022-07-16,,"INSERT INTO Loaned (Reader_ID, Book_ID, Branch_ID, Issue_Date, Return_Date) VALUES (35, 782, 154 , ""2022-07-02"" , ""2022-07-16"");",
754,1462,4,10-28-2022,2022-11-11,,"INSERT INTO Loaned (Reader_ID, Book_ID, Branch_ID, Issue_Date, Return_Date) VALUES (754, 1462, 4 , ""2022-10-28"" , ""2022-11-11"");",
257,1039,170,08-19-2022,2022-09-02,,"INSERT INTO Loaned (Reader_ID, Book_ID, Branch_ID, Issue_Date, Return_Date) VALUES (257, 1039, 170 , ""2022-08-19"" , ""2022-09-02"");",
443,653,119,08-22-2022,2022-09-05,,"INSERT INTO Loaned (Reader_ID, Book_ID, Branch_ID, Issue_Date, Return_Date) VALUES (443, 653, 119 , ""2022-08-22"" , ""2022-09-05"");",
873,969,195,06-29-2022,2022-07-13,,"INSERT INTO Loaned (Reader_ID, Book_ID, Branch_ID, Issue_Date, Return_Date) VALUES (873, 969, 195 , ""2022-06-29"" , ""2022-07-13"");",
174,1079,196,12-22-2022,2023-01-05,,"INSERT INTO Loaned (Reader_ID, Book_ID, Branch_ID, Issue_Date, Return_Date) VALUES (174, 1079, 196 , ""2022-12-22"" , ""2023-01-05"");",
964,1434,74,09-22-2022,2022-10-06,,"INSERT INTO Loaned (Reader_ID, Book_ID, Branch_ID, Issue_Date, Return_Date) VALUES (964, 1434, 74 , ""2022-09-22"" , ""2022-10-06"");",
871,323,76,03-02-2022,2022-03-16,,"INSERT INTO Loaned (Reader_ID, Book_ID, Branch_ID, Issue_Date, Return_Date) VALUES (871, 323, 76 , ""2022-03-02"" , ""2022-03-16"");",
473,1302,83,10-09-2022,2022-10-23,,"INSERT INTO Loaned (Reader_ID, Book_ID, Branch_ID, Issue_Date, Return_Date) VALUES (473, 1302, 83 , ""2022-10-09"" , ""2022-10-23"");",
814,186,66,09-12-2022,2022-09-26,,"INSERT INTO Loaned (Reader_ID, Book_ID, Branch_ID, Issue_Date, Return_Date) VALUES (814, 186, 66 , ""2022-09-12"" , ""2022-09-26"");",
569,1259,148,08-29-2022,2022-09-12,,"INSERT INTO Loaned (Reader_ID, Book_ID, Branch_ID, Issue_Date, Return_Date) VALUES (569, 1259, 148 , ""2022-08-29"" , ""2022-09-12"");",
294,1423,33,08-20-2022,2022-09-03,,"INSERT INTO Loaned (Reader_ID, Book_ID, Branch_ID, Issue_Date, Return_Date) VALUES (294, 1423, 33 , ""2022-08-20"" , ""2022-09-03"");",
56,1144,165,02-19-2022,2022-03-05,,"INSERT INTO Loaned (Reader_ID, Book_ID, Branch_ID, Issue_Date, Return_Date) VALUES (56, 1144, 165 , ""2022-02-19"" , ""2022-03-05"");",
752,872,13,09-26-2022,2022-10-10,,"INSERT INTO Loaned (Reader_ID, Book_ID, Branch_ID, Issue_Date, Return_Date) VALUES (752, 872, 13 , ""2022-09-26"" , ""2022-10-10"");",
345,5,136,12-17-2022,2022-12-31,,"INSERT INTO Loaned (Reader_ID, Book_ID, Branch_ID, Issue_Date, Return_Date) VALUES (345, 5, 136 , ""2022-12-17"" , ""2022-12-31"");",
914,790,180,12-11-2022,2022-12-25,,"INSERT INTO Loaned (Reader_ID, Book_ID, Branch_ID, Issue_Date, Return_Date) VALUES (914, 790, 180 , ""2022-12-11"" , ""2022-12-25"");",
794,476,92,11-30-2022,2022-12-14,,"INSERT INTO Loaned (Reader_ID, Book_ID, Branch_ID, Issue_Date, Return_Date) VALUES (794, 476, 92 , ""2022-11-30"" , ""2022-12-14"");",
61,1052,136,05-19-2022,2022-06-02,,"INSERT INTO Loaned (Reader_ID, Book_ID, Branch_ID, Issue_Date, Return_Date) VALUES (61, 1052, 136 , ""2022-05-19"" , ""2022-06-02"");",
316,820,96,08-17-2022,2022-08-31,,"INSERT INTO Loaned (Reader_ID, Book_ID, Branch_ID, Issue_Date, Return_Date) VALUES (316, 820, 96 , ""2022-08-17"" , ""2022-08-31"");",
453,342,85,05-27-2022,2022-06-10,,"INSERT INTO Loaned (Reader_ID, Book_ID, Branch_ID, Issue_Date, Return_Date) VALUES (453, 342, 85 , ""2022-05-27"" , ""2022-06-10"");",
274,1060,188,03-19-2022,2022-04-02,,"INSERT INTO Loaned (Reader_ID, Book_ID, Branch_ID, Issue_Date, Return_Date) VALUES (274, 1060, 188 , ""2022-03-19"" , ""2022-04-02"");",
722,1127,16,01-19-2022,2022-02-02,,"INSERT INTO Loaned (Reader_ID, Book_ID, Branch_ID, Issue_Date, Return_Date) VALUES (722, 1127, 16 , ""2022-01-19"" , ""2022-02-02"");",
161,256,74,08-12-2022,2022-08-26,,"INSERT INTO Loaned (Reader_ID, Book_ID, Branch_ID, Issue_Date, Return_Date) VALUES (161, 256, 74 , ""2022-08-12"" , ""2022-08-26"");",
339,34,66,08-16-2022,2022-08-30,,"INSERT INTO Loaned (Reader_ID, Book_ID, Branch_ID, Issue_Date, Return_Date) VALUES (339, 34, 66 , ""2022-08-16"" , ""2022-08-30"");",
495,412,49,02-17-2022,2022-03-03,,"INSERT INTO Loaned (Reader_ID, Book_ID, Branch_ID, Issue_Date, Return_Date) VALUES (495, 412, 49 , ""2022-02-17"" , ""2022-03-03"");",
704,162,84,03-25-2022,2022-04-08,,"INSERT INTO Loaned (Reader_ID, Book_ID, Branch_ID, Issue_Date, Return_Date) VALUES (704, 162, 84 , ""2022-03-25"" , ""2022-04-08"");",
17,1071,54,05-06-2022,2022-05-20,,"INSERT INTO Loaned (Reader_ID, Book_ID, Branch_ID, Issue_Date, Return_Date) VALUES (17, 1071, 54 , ""2022-05-06"" , ""2022-05-20"");",
111,221,37,04-05-2022,2022-04-19,,"INSERT INTO Loaned (Reader_ID, Book_ID, Branch_ID, Issue_Date, Return_Date) VALUES (111, 221, 37 , ""2022-04-05"" , ""2022-04-19"");",
704,323,26,08-05-2022,2022-08-19,,"INSERT INTO Loaned (Reader_ID, Book_ID, Branch_ID, Issue_Date, Return_Date) VALUES (704, 323, 26 , ""2022-08-05"" , ""2022-08-19"");",
172,534,67,08-04-2022,2022-08-18,,"INSERT INTO Loaned (Reader_ID, Book_ID, Branch_ID, Issue_Date, Return_Date) VALUES (172, 534, 67 , ""2022-08-04"" , ""2022-08-18"");",
503,985,184,05-28-2022,2022-06-11,,"INSERT INTO Loaned (Reader_ID, Book_ID, Branch_ID, Issue_Date, Return_Date) VALUES (503, 985, 184 , ""2022-05-28"" , ""2022-06-11"");",
333,586,101,08-13-2022,2022-08-27,,"INSERT INTO Loaned (Reader_ID, Book_ID, Branch_ID, Issue_Date, Return_Date) VALUES (333, 586, 101 , ""2022-08-13"" , ""2022-08-27"");",
615,538,68,01-27-2022,2022-02-10,,"INSERT INTO Loaned (Reader_ID, Book_ID, Branch_ID, Issue_Date, Return_Date) VALUES (615, 538, 68 , ""2022-01-27"" , ""2022-02-10"");",
459,1032,167,09-24-2022,2022-10-08,,"INSERT INTO Loaned (Reader_ID, Book_ID, Branch_ID, Issue_Date, Return_Date) VALUES (459, 1032, 167 , ""2022-09-24"" , ""2022-10-08"");",
919,1439,115,05-17-2022,2022-05-31,,"INSERT INTO Loaned (Reader_ID, Book_ID, Branch_ID, Issue_Date, Return_Date) VALUES (919, 1439, 115 , ""2022-05-17"" , ""2022-05-31"");",
80,704,106,08-31-2022,2022-09-14,,"INSERT INTO Loaned (Reader_ID, Book_ID, Branch_ID, Issue_Date, Return_Date) VALUES (80, 704, 106 , ""2022-08-31"" , ""2022-09-14"");",
349,1173,174,06-25-2022,2022-07-09,,"INSERT INTO Loaned (Reader_ID, Book_ID, Branch_ID, Issue_Date, Return_Date) VALUES (349, 1173, 174 , ""2022-06-25"" , ""2022-07-09"");",
363,748,143,06-08-2022,2022-06-22,,"INSERT INTO Loaned (Reader_ID, Book_ID, Branch_ID, Issue_Date, Return_Date) VALUES (363, 748, 143 , ""2022-06-08"" , ""2022-06-22"");",
373,661,172,08-14-2022,2022-08-28,,"INSERT INTO Loaned (Reader_ID, Book_ID, Branch_ID, Issue_Date, Return_Date) VALUES (373, 661, 172 , ""2022-08-14"" , ""2022-08-28"");",
898,156,124,06-11-2022,2022-06-25,,"INSERT INTO Loaned (Reader_ID, Book_ID, Branch_ID, Issue_Date, Return_Date) VALUES (898, 156, 124 , ""2022-06-11"" , ""2022-06-25"");",
753,584,84,09-23-2022,2022-10-07,,"INSERT INTO Loaned (Reader_ID, Book_ID, Branch_ID, Issue_Date, Return_Date) VALUES (753, 584, 84 , ""2022-09-23"" , ""2022-10-07"");",
404,201,74,12-05-2022,2022-12-19,,"INSERT INTO Loaned (Reader_ID, Book_ID, Branch_ID, Issue_Date, Return_Date) VALUES (404, 201, 74 , ""2022-12-05"" , ""2022-12-19"");",
317,26,77,11-27-2022,2022-12-11,,"INSERT INTO Loaned (Reader_ID, Book_ID, Branch_ID, Issue_Date, Return_Date) VALUES (317, 26, 77 , ""2022-11-27"" , ""2022-12-11"");",
168,652,170,12-25-2022,2023-01-08,,"INSERT INTO Loaned (Reader_ID, Book_ID, Branch_ID, Issue_Date, Return_Date) VALUES (168, 652, 170 , ""2022-12-25"" , ""2023-01-08"");",
790,1430,114,08-23-2022,2022-09-06,,"INSERT INTO Loaned (Reader_ID, Book_ID, Branch_ID, Issue_Date, Return_Date) VALUES (790, 1430, 114 , ""2022-08-23"" , ""2022-09-06"");",
50,709,30,02-24-2022,2022-03-10,,"INSERT INTO Loaned (Reader_ID, Book_ID, Branch_ID, Issue_Date, Return_Date) VALUES (50, 709, 30 , ""2022-02-24"" , ""2022-03-10"");",
269,1328,162,03-20-2022,2022-04-03,,"INSERT INTO Loaned (Reader_ID, Book_ID, Branch_ID, Issue_Date, Return_Date) VALUES (269, 1328, 162 , ""2022-03-20"" , ""2022-04-03"");",
527,1037,191,09-14-2022,2022-09-28,,"INSERT INTO Loaned (Reader_ID, Book_ID, Branch_ID, Issue_Date, Return_Date) VALUES (527, 1037, 191 , ""2022-09-14"" , ""2022-09-28"");",
187,1316,48,10-11-2022,2022-10-25,,"INSERT INTO Loaned (Reader_ID, Book_ID, Branch_ID, Issue_Date, Return_Date) VALUES (187, 1316, 48 , ""2022-10-11"" , ""2022-10-25"");",
272,1327,20,03-08-2022,2022-03-22,,"INSERT INTO Loaned (Reader_ID, Book_ID, Branch_ID, Issue_Date, Return_Date) VALUES (272, 1327, 20 , ""2022-03-08"" , ""2022-03-22"");",
85,717,117,05-24-2022,2022-06-07,,"INSERT INTO Loaned (Reader_ID, Book_ID, Branch_ID, Issue_Date, Return_Date) VALUES (85, 717, 117 , ""2022-05-24"" , ""2022-06-07"");",
319,1439,134,05-29-2022,2022-06-12,,"INSERT INTO Loaned (Reader_ID, Book_ID, Branch_ID, Issue_Date, Return_Date) VALUES (319, 1439, 134 , ""2022-05-29"" , ""2022-06-12"");",
506,962,75,02-09-2022,2022-02-23,,"INSERT INTO Loaned (Reader_ID, Book_ID, Branch_ID, Issue_Date, Return_Date) VALUES (506, 962, 75 , ""2022-02-09"" , ""2022-02-23"");",
85,572,111,01-16-2022,2022-01-30,,"INSERT INTO Loaned (Reader_ID, Book_ID, Branch_ID, Issue_Date, Return_Date) VALUES (85, 572, 111 , ""2022-01-16"" , ""2022-01-30"");",
668,683,178,01-04-2022,2022-01-18,,"INSERT INTO Loaned (Reader_ID, Book_ID, Branch_ID, Issue_Date, Return_Date) VALUES (668, 683, 178 , ""2022-01-04"" , ""2022-01-18"");",
507,941,51,09-28-2022,2022-10-12,,"INSERT INTO Loaned (Reader_ID, Book_ID, Branch_ID, Issue_Date, Return_Date) VALUES (507, 941, 51 , ""2022-09-28"" , ""2022-10-12"");",
460,1150,151,10-19-2022,2022-11-02,,"INSERT INTO Loaned (Reader_ID, Book_ID, Branch_ID, Issue_Date, Return_Date) VALUES (460, 1150, 151 , ""2022-10-19"" , ""2022-11-02"");",
99,1109,106,04-25-2022,2022-05-09,,"INSERT INTO Loaned (Reader_ID, Book_ID, Branch_ID, Issue_Date, Return_Date) VALUES (99, 1109, 106 , ""2022-04-25"" , ""2022-05-09"");",
161,87,63,07-21-2022,2022-08-04,,"INSERT INTO Loaned (Reader_ID, Book_ID, Branch_ID, Issue_Date, Return_Date) VALUES (161, 87, 63 , ""2022-07-21"" , ""2022-08-04"");",
323,720,77,05-12-2022,2022-05-26,,"INSERT INTO Loaned (Reader_ID, Book_ID, Branch_ID, Issue_Date, Return_Date) VALUES (323, 720, 77 , ""2022-05-12"" , ""2022-05-26"");",
158,1308,24,10-06-2022,2022-10-20,,"INSERT INTO Loaned (Reader_ID, Book_ID, Branch_ID, Issue_Date, Return_Date) VALUES (158, 1308, 24 , ""2022-10-06"" , ""2022-10-20"");",
67,613,120,03-13-2022,2022-03-27,,"INSERT INTO Loaned (Reader_ID, Book_ID, Branch_ID, Issue_Date, Return_Date) VALUES (67, 613, 120 , ""2022-03-13"" , ""2022-03-27"");",
364,689,73,03-28-2022,2022-04-11,,"INSERT INTO Loaned (Reader_ID, Book_ID, Branch_ID, Issue_Date, Return_Date) VALUES (364, 689, 73 , ""2022-03-28"" , ""2022-04-11"");",
109,128,164,06-04-2022,2022-06-18,,"INSERT INTO Loaned (Reader_ID, Book_ID, Branch_ID, Issue_Date, Return_Date) VALUES (109, 128, 164 , ""2022-06-04"" , ""2022-06-18"");",
163,1414,148,12-21-2022,2023-01-04,,"INSERT INTO Loaned (Reader_ID, Book_ID, Branch_ID, Issue_Date, Return_Date) VALUES (163, 1414, 148 , ""2022-12-21"" , ""2023-01-04"");",
750,256,4,03-10-2022,2022-03-24,,"INSERT INTO Loaned (Reader_ID, Book_ID, Branch_ID, Issue_Date, Return_Date) VALUES (750, 256, 4 , ""2022-03-10"" , ""2022-03-24"");",