ID,Name,Email,Phone,Cities,Zip
1,Megan Lopez,Megan@Lopez.com,863-311-1954,Lancaster,29077
2,Sebastian Robinson,Sebastian@Robinson.com,100-667-6248,Evansville,6071
3,Isla Johnson,Isla@Johnson.com,119-274-5267,Olathe,53033
4,Henry Adams,Henry@Adams.com,727-642-5289,Rancho Cucamonga,18157
5,Jake Wilson,Jake@Wilson.com,119-196-3261,Frederick,55101
6,Alice Campbell,Alice@Campbell.com,895-424-7306,Lancaster,48439
7,Layla Young,Layla@Young.com,819-431-6491,Portland,34039
8,Amelia Lopez,Amelia@Lopez.com,677-708-4878,Ocala,8005
9,Lewis Edwards,Lewis@Edwards.com,299-282-2735,Yakima,42049
10,Dylan Reyes,Dylan@Reyes.com,161-426-8184,Saginaw,12073
11,Eleanor Parker,Eleanor@Parker.com,579-656-3482,Ontario,45083
12,Ellie Jones,Ellie@Jones.com,987-878-9319,Thornton,48113
13,Paige Garcia,Paige@Garcia.com,548-292-4918,Topeka,39099
14,JoshuaAlfie Roberts,JoshuaAlfie@Roberts.com,404-269-6971,Santa Cruz,26077
15,Alexander Reyes,Alexander@Reyes.com,148-505-9125,Fredericksburg,6073
16,Leon Ramirez,Leon@Ramirez.com,280-401-2739,Racine,6083
17,Abigail Campbell,Abigail@Campbell.com,361-359-4939,Waldorf,47179
18,Harrison Mitchell,Harrison@Mitchell.com,472-143-3950,Cary,6037
19,Samuel Davis,Samuel@Davis.com,449-307-9632,Amarillo,1101
20,Ellie Gomez,Ellie@Gomez.com,965-887-2941,Sunnyvale,72013
21,Ellie Baker,Ellie@Baker.com,818-836-4880,Joliet,6085
22,Sophia Roberts,Sophia@Roberts.com,555-558-9157,Frederick,6097
23,Gracie Sanchez,Gracie@Sanchez.com,343-481-4520,Oceanside,15003
24,Mason Reyes,Mason@Reyes.com,398-871-4502,Elk Grove,6083
25,Sophie Lewis,Sophie@Lewis.com,158-155-6847,Carrollton,17043
26,Chloe Harris,Chloe@Harris.com,402-659-3194,Kenosha,26121
27,Callum Lewis,Callum@Lewis.com,915-921-2022,Murfreesboro,12103
28,Maya Campbell,Maya@Campbell.com,950-360-7557,Ponce,29019
29,Noah Baker,Noah@Baker.com,613-201-7212,Pasadena,45051
30,Harvey Smith,Harvey@Smith.com,803-263-4278,Redding,45091
31,Maya Mitchell,Maya@Mitchell.com,404-724-8087,Las Cruces,36065
32,Chloe Wilson,Chloe@Wilson.com,782-278-1411,Spring Valley,12001
33,Isabelle Carter,Isabelle@Carter.com,213-174-6743,West Palm Beach,72005
34,Cameron Walker,Cameron@Walker.com,997-517-9021,Waterbury,27109
35,Eva Gomez,Eva@Gomez.com,906-558-3891,Roanoke,12069
36,Evie Evans,Evie@Evans.com,541-241-2545,Independence,18003
37,Jake Roberts,Jake@Roberts.com,800-171-4897,Kalamazoo,51013
38,Hannah King,Hannah@King.com,992-615-3543,Oceanside,6065
39,Ryan Nelson,Ryan@Nelson.com,695-458-8354,Panama City,32003
40,Dylan Rivera,Dylan@Rivera.com,456-474-3034,Lynchburg,6087
41,Max Garcia,Max@Garcia.com,928-902-9558,Paterson,36119
42,Katie Hall,Katie@Hall.com,803-478-5274,Pearland,10001
43,Maddison Clark,Maddison@Clark.com,447-882-7275,Tyler,72031
44,Maya Walker,Maya@Walker.com,102-495-5726,Hampton,12086
45,Keira Phillips,Keira@Phillips.com,130-547-5407,Hemet,17201
46,Lilly Hall,Lilly@Hall.com,940-717-8175,Ocala,6085
47,Sarah Young,Sarah@Young.com,375-281-8672,Surprise,6001
48,Thomas Garcia,Thomas@Garcia.com,312-834-7323,Santa Cruz,48339
49,Archie Mitchell,Archie@Mitchell.com,297-995-8967,South Lyon,12033
50,Evie Lewis,Evie@Lewis.com,389-291-5860,Temple,2020
51,Max Lopez,Max@Lopez.com,563-263-3205,Glendale,8013
52,Aaron Gomez,Aaron@Gomez.com,198-305-2901,Rancho Cucamonga,1101
53,Scarlett Turner,Scarlett@Turner.com,490-367-1257,Pembroke Pines,6001
54,Harley Baker,Harley@Baker.com,617-470-8634,Coral Springs,48113
55,David Lopez,David@Lopez.com,799-108-5947,Simi Valley,8069
56,Holly Sanchez,Holly@Sanchez.com,843-377-9358,West Valley City,6053
57,Lucy Ramirez,Lucy@Ramirez.com,297-705-6724,Miramar,18163
58,James Jones,James@Jones.com,837-375-9312,Tuscaloosa,42011
59,Ava Carter,Ava@Carter.com,780-986-9082,Visalia,25005
60,Jacob Adams,Jacob@Adams.com,564-434-5308,Pomona,6059
61,Isobel Sanchez,Isobel@Sanchez.com,984-434-5771,Hemet,6071
62,Pheobe Mitchell,Pheobe@Mitchell.com,415-475-9157,Kansas City,36065
63,Isabelle Rodriguez,Isabelle@Rodriguez.com,540-605-5584,Independence,23005
64,Jake King,Jake@King.com,938-109-3560,Evansville,34031
65,Callum Diaz,Callum@Diaz.com,643-429-6318,Vallejo,8123
66,Jamie Anderson,Jamie@Anderson.com,911-407-8749,Midland,12099
67,Rebecca Walker,Rebecca@Walker.com,270-401-1742,Corona,48339
68,Poppy Hernandez,Poppy@Hernandez.com,260-368-2686,Roseville,72005
69,Holly Campbell,Holly@Campbell.com,663-623-1754,Grand Junction,48113
70,Lilly Diaz,Lilly@Diaz.com,281-455-9390,Huntington,24017
71,Tyler Sanchez,Tyler@Sanchez.com,185-899-3555,Metairie,6099
72,Alexander Mitchell,Alexander@Mitchell.com,564-449-8969,Houma,4013
73,Pheobe Rivera,Pheobe@Rivera.com,781-423-7460,Mauldin,49005
74,Lucas Martinez,Lucas@Martinez.com,176-572-7820,Utica,45019
75,Thomas Johnson,Thomas@Johnson.com,848-358-1803,Yonkers,6047
76,Dylan Anderson,Dylan@Anderson.com,223-453-3992,Bloomington,15003
77,Max Carter,Max@Carter.com,242-495-8585,West Palm Beach,1097
78,Benjamin Smith,Benjamin@Smith.com,361-631-3945,Waco,37147
79,Connor Davis,Connor@Davis.com,821-904-7818,Pearland,4013
80,Mia Hall,Mia@Hall.com,471-755-2617,Clovis,55059
81,Tia Anderson,Tia@Anderson.com,337-653-9111,Moreno Valley,13153
82,Mason Turner,Mason@Turner.com,372-451-8308,Athens,45091
83,Lola Turner,Lola@Turner.com,336-552-2945,Kenosha,37129
84,Amber Brown,Amber@Brown.com,683-393-5137,Palmdale,50007
85,Harrison Gomez,Harrison@Gomez.com,601-695-9653,Fairfield,12011
86,Eleanor Wilson,Eleanor@Wilson.com,275-847-4144,Columbia,4027
87,Sarah Evans,Sarah@Evans.com,746-427-7489,Rochester,5131
88,Samuel Jones,Samuel@Jones.com,490-340-7985,Charleston,19103
89,Theo Evans,Theo@Evans.com,936-226-9376,Waterbury,6037
90,Sophia Ramirez,Sophia@Ramirez.com,203-898-4208,Thousand Oaks,40027
91,Finlay Miller,Finlay@Miller.com,303-239-4106,Alexandria,18141
92,Logan Wilson,Logan@Wilson.com,251-407-9094,Elizabeth,12011
93,Ethan Sanchez,Ethan@Sanchez.com,910-371-3902,Amarillo,51700
94,Toby Adams,Toby@Adams.com,183-571-3536,Billings,48355
95,Paige Phillips,Paige@Phillips.com,593-381-4890,Murfreesboro,6071
96,Jamie Edwards,Jamie@Edwards.com,423-445-2066,Kailua,6071
97,Harrison Wilson,Harrison@Wilson.com,158-758-2578,Palmdale,48441
98,Nathan Sanchez,Nathan@Sanchez.com,468-820-5362,Iowa City,26099
99,Keira Edwards,Keira@Edwards.com,661-466-2317,Kenosha,12103
100,Keira Rivera,Keira@Rivera.com,957-139-9067,Hemet,47149
101,Brandon Williams,Brandon@Williams.com,566-672-3956,Hemet,16001
102,Oscar Miller,Oscar@Miller.com,470-190-6547,Midland,6037
103,Rebecca Jones,Rebecca@Jones.com,962-138-7554,Topeka,20177
104,Keira Miller,Keira@Miller.com,768-763-6775,Beaumont,50007
105,Katie Smith,Katie@Smith.com,195-281-6641,McKinney,72113
106,Oliver Young,Oliver@Young.com,914-291-2579,Yuma,1101
107,Kai Rivera,Kai@Rivera.com,659-944-6327,Redding,13059
108,Benjamin Davis,Benjamin@Davis.com,512-743-5451,High Point,12071
109,Maya Hall,Maya@Hall.com,682-311-9131,Lehigh Acres,26145
110,Benjamin Cruz,Benjamin@Cruz.com,113-734-5380,Fontana,48041
111,Finlay Anderson,Finlay@Anderson.com,851-682-4866,Beaumont,20177
112,Tyler Hernandez,Tyler@Hernandez.com,183-217-1334,Racine,48113
113,Luca Jones,Luca@Jones.com,260-684-9119,Independence,22103
114,Holly Johnson,Holly@Johnson.com,281-245-6225,Hollywood,27123
115,Mathew Baker,Mathew@Baker.com,216-882-9071,Mandeville,46099
116,Katie Diaz,Katie@Diaz.com,657-569-2109,Richmond,37063
117,Molly King,Molly@King.com,269-918-4123,Waco,24017
118,Imogen Gomez,Imogen@Gomez.com,746-420-2300,Arvada,32003
119,Oscar Collins,Oscar@Collins.com,278-532-7560,Moreno Valley,42011
120,Georgia Edwards,Georgia@Edwards.com,450-162-8737,Yuma,36067
121,Charlie Cruz,Charlie@Cruz.com,592-962-8820,Santa Maria,19103
122,Tia Campbell,Tia@Campbell.com,403-512-4855,Coral Springs,39151
123,Alice Robinson,Alice@Robinson.com,401-980-2613,Clovis,53067
124,Ben Williams,Ben@Williams.com,790-880-9763,Cedar Rapids,37025
125,Charlotte Garcia,Charlotte@Garcia.com,239-863-6034,Kalamazoo,6059
126,Freddie Lewis,Freddie@Lewis.com,817-825-5864,Muskegon,45091
127,Reece Gomez,Reece@Gomez.com,839-192-6947,Manchester,37071
128,Evie Edwards,Evie@Edwards.com,629-615-9851,Spring Valley,6101
129,Riley Evans,Riley@Evans.com,459-275-4851,Aurora,49035
130,Lilly Miller,Lilly@Miller.com,140-750-7012,Muskegon,50007
131,Freddie Jones,Freddie@Jones.com,385-306-3763,Tempe,25005
132,Zara Carter,Zara@Carter.com,959-147-3861,Merced,54039
133,Sophia Campbell,Sophia@Campbell.com,528-569-3353,Fontana,6111
134,Mia Sanchez,Mia@Sanchez.com,667-736-5196,Huntington Beach,49035
135,Tyler Lopez,Tyler@Lopez.com,102-866-3971,Lorain,18039
136,JoshuaAlfie Davis,JoshuaAlfie@Davis.com,460-887-8224,Burlington,48309
137,Henry Smith,Henry@Smith.com,157-856-5665,Hayward,32003
138,Finlay Carter,Finlay@Carter.com,658-338-6747,West Valley City,15003
139,Evie Carter,Evie@Carter.com,282-604-5001,Spartanburg,26145
140,Gracie Roberts,Gracie@Roberts.com,306-206-5718,Lakewood,32003
141,Oliver Hernandez,Oliver@Hernandez.com,586-723-3235,St. Cloud,16001
142,Jacob Ramirez,Jacob@Ramirez.com,855-905-3297,Burlington,12105
143,Jasmine Evans,Jasmine@Evans.com,394-656-8182,Torrance,17097
144,Isabelle Ramirez,Isabelle@Ramirez.com,469-492-6989,Mandeville,6053
145,Theo Lewis,Theo@Lewis.com,115-595-4030,Topeka,51700
146,Henry King,Henry@King.com,510-365-5843,Harlingen,48441
147,Sarah Carter,Sarah@Carter.com,777-120-3886,Amarillo,17167
148,Finlay Roberts,Finlay@Roberts.com,404-122-7595,Manchester,12103
149,Hannah Williams,Hannah@Williams.com,615-754-1343,Beaumont,6037
150,Sienna Smith,Sienna@Smith.com,499-288-9036,Sunrise Manor,26145
151,Daisy Brown,Daisy@Brown.com,930-532-9565,Clearwater,48041
152,Ava Hall,Ava@Hall.com,862-403-4426,Fort Smith,48245
153,Max Gomez,Max@Gomez.com,760-556-8753,St. George,51710
154,James Davis,James@Davis.com,875-578-2661,Round Rock,32003
155,Logan Phillips,Logan@Phillips.com,216-755-1895,Manchester,26145
156,Ben Hall,Ben@Hall.com,996-159-6581,Hampton,27109
157,Max Reyes,Max@Reyes.com,216-296-2323,Waterbury,50007
158,Ashton Mitchell,Ashton@Mitchell.com,459-490-2865,Sterling Heights,17143
159,Chloe Reyes,Chloe@Reyes.com,955-630-5376,Sunrise Manor,8013
160,Lacey Baker,Lacey@Baker.com,784-571-7052,Yuma,6083
161,Grace Mitchell,Grace@Mitchell.com,652-449-1857,Clearwater,12105
162,Megan Young,Megan@Young.com,662-817-8216,The Woodlands,47149
163,Henry Jones,Henry@Jones.com,773-615-8675,Fredericksburg,42069
164,Lexi Campbell,Lexi@Campbell.com,834-471-2063,Olathe,22051
165,Amber Jones,Amber@Jones.com,432-317-3993,Round Rock,37001
166,Oscar Young,Oscar@Young.com,279-185-8635,Kansas City,25017
167,Ellie Smith,Ellie@Smith.com,931-530-9478,Mesquite,4027
168,Finlay Clark,Finlay@Clark.com,941-267-2979,Simi Valley,42069
169,Amy Collins,Amy@Collins.com,667-141-2987,Logan,26099
170,Lacey Evans,Lacey@Evans.com,298-696-7301,Cedar Rapids,29019
171,Logan Robinson,Logan@Robinson.com,895-283-4667,Oceanside,16001
172,Jayden Mitchell,Jayden@Mitchell.com,637-730-5893,Panama City,48439
173,Jayden Robinson,Jayden@Robinson.com,445-105-1452,Elkhart,37147
174,Mason King,Mason@King.com,468-425-3617,Abilene,6071
175,Anna Diaz,Anna@Diaz.com,374-397-1777,Ponce,37067
176,Sebastian Davis,Sebastian@Davis.com,192-158-3194,Thornton,30111
177,Jack Lopez,Jack@Lopez.com,978-601-9559,Torrance,12105
178,Isabelle Hernandez,Isabelle@Hernandez.com,773-578-2772,Paradise,28049
179,Holly Anderson,Holly@Anderson.com,831-878-6961,Elkhart,48085
180,Zachary Diaz,Zachary@Diaz.com,702-976-6084,Richardson,17089
181,William Lopez,William@Lopez.com,716-575-3471,Corona,32003
182,Finley Nelson,Finley@Nelson.com,345-323-2630,Pearland,48479
183,Sophia Adams,Sophia@Adams.com,478-648-2309,Santa Maria,17197
184,Freddie Miller,Freddie@Miller.com,745-137-9185,Fort Lauderdale,48121
185,Jack Gomez,Jack@Gomez.com,865-821-6055,Huntington Beach,4013
186,Grace Robinson,Grace@Robinson.com,871-272-8082,Newport News,72005
187,Mia Anderson,Mia@Anderson.com,398-778-6579,Kent,45045
188,Layla Evans,Layla@Evans.com,224-677-3417,The Woodlands,72013
189,Ryan King,Ryan@King.com,352-282-9083,Joliet,22073
190,Riley Brown,Riley@Brown.com,660-283-2101,Roseville,6111
191,Tyler Anderson,Tyler@Anderson.com,338-538-6141,Binghamton,6071
192,Amelia Allen,Amelia@Allen.com,232-223-7229,Huntington,6013
193,Ryan Lopez,Ryan@Lopez.com,229-707-4290,Palmdale,18141
194,Oscar Ramirez,Oscar@Ramirez.com,852-878-6352,Norwich,17167
195,George Campbell,George@Campbell.com,178-892-9534,Tacoma,48329
196,Isabelle Garcia,Isabelle@Garcia.com,551-673-4268,The Woodlands,6013
197,Harry Wilson,Harry@Wilson.com,241-182-8057,Mesquite,6107
198,Lucy Garcia,Lucy@Garcia.com,193-810-9171,Santa Maria,72021
199,Ryan Parker,Ryan@Parker.com,871-518-4221,Beaumont,28049
200,Michael Sanchez,Michael@Sanchez.com,858-311-5664,Santa Maria,17043
201,Liam Robinson,Liam@Robinson.com,354-344-1792,Moreno Valley,72113
202,Benjamin Garcia,Benjamin@Garcia.com,691-450-2518,Fairfield,20091
203,Emma Harris,Emma@Harris.com,483-393-2677,Simi Valley,51680
204,Tia Gomez,Tia@Gomez.com,651-867-4359,Fort Lauderdale,37051
205,Eva Rodriguez,Eva@Rodriguez.com,579-886-2444,St. Cloud,6047
206,Jasmine Walker,Jasmine@Walker.com,896-887-7493,Tuscaloosa,45051
207,Scarlett Clark,Scarlett@Clark.com,569-847-2008,Grand Junction,34017
208,Joseph Cruz,Joseph@Cruz.com,793-506-1625,Santa Cruz,6061
209,Lola Lopez,Lola@Lopez.com,945-397-7329,Paradise,53073
210,Abigail Lewis,Abigail@Lewis.com,151-244-8065,Gastonia,48027
211,Bailey Cruz,Bailey@Cruz.com,662-630-3684,Kailua,6067
212,Liam Turner,Liam@Turner.com,552-352-7220,Tuscaloosa,6059
213,Lexi Mitchell,Lexi@Mitchell.com,861-985-9132,Hampton,1125
214,Ashton Johnson,Ashton@Johnson.com,833-672-3542,Warren,32003
215,Isaac Diaz,Isaac@Diaz.com,952-806-7435,Tuscaloosa,6085
216,Sebastian Gomez,Sebastian@Gomez.com,375-111-5254,Santa Maria,16055
217,Daisy Lopez,Daisy@Lopez.com,903-440-6662,North Charleston,28047
218,Harley Hernandez,Harley@Hernandez.com,464-296-4126,Pembroke Pines,51680
219,Jamie Lopez,Jamie@Lopez.com,402-929-2859,Midland,53033
220,Hannah Nelson,Hannah@Nelson.com,823-288-6261,Cedar Rapids,10001
221,Amelia Wilson,Amelia@Wilson.com,627-192-2475,Palmdale,6083
222,Finlay Edwards,Finlay@Edwards.com,678-721-7545,Vancouver,37071
223,Abigail Brown,Abigail@Brown.com,768-994-3980,Westminster,30111
224,Millie Sanchez,Millie@Sanchez.com,404-391-5694,Richardson,48061
225,Gracie Rivera,Gracie@Rivera.com,432-798-7716,Muskegon,6061
226,Leo Gomez,Leo@Gomez.com,453-405-2613,West Valley City,6099
227,Joseph Baker,Joseph@Baker.com,239-355-4905,Westminster,5143
228,Anna Martinez,Anna@Martinez.com,305-570-7801,Cary,37081
229,Chloe Gomez,Chloe@Gomez.com,837-713-2817,Rancho Cucamonga,13059
230,;Bethany Anderson,;Bethany@Anderson.com,621-692-7940,Peoria,20209
231,Archie Roberts,Archie@Roberts.com,219-935-9204,Dover,13153
232,Harrison Williams,Harrison@Williams.com,432-197-7941,Burlington,51700
233,Alisha Parker,Alisha@Parker.com,387-602-8384,Macon,25017
234,Isla Lopez,Isla@Lopez.com,704-139-3116,Utica,42069
235,Leo Collins,Leo@Collins.com,302-369-6431,Cary,4013
236,Pheobe Adams,Pheobe@Adams.com,257-978-5980,Paradise,51700
237,Noah Cruz,Noah@Cruz.com,738-505-7779,Metairie,42069
238,Matilda Reyes,Matilda@Reyes.com,212-907-7962,Greeley,6037
239,Samuel Martinez,Samuel@Martinez.com,615-310-4342,Carrollton,27145
240,Rosie Adams,Rosie@Adams.com,681-758-6236,Port Arthur,28047
241,Eva Nelson,Eva@Nelson.com,286-267-7197,Topeka,6047
242,Zara Jones,Zara@Jones.com,377-817-7771,Westminster,1097
243,Lilly Cruz,Lilly@Cruz.com,924-621-9641,Vallejo,17043
244,Millie Gomez,Millie@Gomez.com,311-828-6199,St. George,47179
245,Charlotte Rodriguez,Charlotte@Rodriguez.com,799-927-6559,Brandon,37063
246,Edward King,Edward@King.com,465-926-4156,Newport News,48113
247,Hannah Johnson,Hannah@Johnson.com,457-504-2575,Danbury,12097
248,Ethan Roberts,Ethan@Roberts.com,303-850-3835,Pasadena,34031
249,Poppy Walker,Poppy@Walker.com,560-613-7406,Gainesville,12103
250,Kai Anderson,Kai@Anderson.com,655-847-8802,Danbury,53053
251,Ethan Lopez,Ethan@Lopez.com,830-375-4767,Erie,41029
252,Caitlin Davis,Caitlin@Davis.com,706-629-3669,Olathe,6065
253,Liam Campbell,Liam@Campbell.com,541-454-2652,Billings,20091
254,Caitlin Parker,Caitlin@Parker.com,600-310-7946,Hagerstown,15003
255,Joseph Reyes,Joseph@Reyes.com,912-545-1560,Manchester,25013
256,Mason Rivera,Mason@Rivera.com,300-307-5308,Orange,32003
257,Luke Edwards,Luke@Edwards.com,899-146-7938,North Charleston,34017
258,Kyle Ramirez,Kyle@Ramirez.com,636-815-3209,High Point,24021
259,Matilda King,Matilda@King.com,733-818-5248,Lafayette,53033
260,Georgia Mitchell,Georgia@Mitchell.com,104-114-4921,Spring Hill,5131
261,Harrison Edwards,Harrison@Edwards.com,519-866-3986,Fairfield,41029
262,Summer Campbell,Summer@Campbell.com,930-979-1320,East Los Angeles,53005
263,Mathew Clark,Mathew@Clark.com,914-698-5983,Peoria,12086
264,Daisy Young,Daisy@Young.com,383-489-2747,Westminster,17019
265,Leon Martinez,Leon@Martinez.com,588-449-1711,Simi Valley,53033
266,Alice Jones,Alice@Jones.com,632-579-4465,Redding,34031
267,Lewis Nelson,Lewis@Nelson.com,582-315-2660,Bloomington,37063
268,Isobel Parker,Isobel@Parker.com,696-230-5317,Coral Springs,36067
269,Lucy King,Lucy@King.com,158-348-9194,Harlingen,17113
270,Lewis Hernandez,Lewis@Hernandez.com,565-463-7765,Macon,6037
271,Owen Wilson,Owen@Wilson.com,485-992-4134,St. George,6077
272,Oliver Garcia,Oliver@Garcia.com,264-447-6183,Santa Clara,37183
273,Rosie Williams,Rosie@Williams.com,521-323-7433,Grand Junction,12071
274,Charlie Jones,Charlie@Jones.com,420-196-4867,Coeur d'Alene,16027
275,Cameron Young,Cameron@Young.com,171-103-9755,Orange,48113
276,Callum Williams,Callum@Williams.com,873-849-2227,Brandon,17197
277,Harry Rivera,Harry@Rivera.com,568-520-3380,Harlingen,21067
278,Mohammad Turner,Mohammad@Turner.com,467-741-7533,Peoria,6059
279,;Bethany Garcia,;Bethany@Garcia.com,705-591-1926,St. George,15003
280,Alexander Martinez,Alexander@Martinez.com,116-770-4081,Burlington,39151
281,Alice Walker,Alice@Walker.com,760-522-1677,Tyler,30111
282,Keira Campbell,Keira@Campbell.com,878-309-5297,Hagerstown,21067
283,Mohammed Johnson,Mohammed@Johnson.com,102-243-8193,Roanoke,51680
284,Alisha Evans,Alisha@Evans.com,192-308-2197,Pomona,37081
285,Jessica Johnson,Jessica@Johnson.com,443-327-3653,Pasadena,6089
286,Kieran Garcia,Kieran@Garcia.com,871-166-1339,Norwich,45051
287,Lola Gomez,Lola@Gomez.com,697-441-6624,Santa Maria,37071
288,Mohammad King,Mohammad@King.com,767-884-2220,Hagerstown,6059
289,Amelia Rivera,Amelia@Rivera.com,132-304-2160,Overland Park,32003
290,Riley Lopez,Riley@Lopez.com,921-148-7745,Las Cruces,12097
291,Lily Reyes,Lily@Reyes.com,324-461-6968,Hickory,15003
292,Ryan Rivera,Ryan@Rivera.com,350-681-2644,Mesquite,72013
293,Jake Allen,Jake@Allen.com,444-639-1603,Dover,48423
294,David Walker,David@Walker.com,469-307-4210,St. Cloud,53061
295,Luke Baker,Luke@Baker.com,693-419-8039,Peoria,26145
296,Owen Diaz,Owen@Diaz.com,811-582-2732,Olympia,24021
297,JoshuaAlfie Cruz,JoshuaAlfie@Cruz.com,448-802-4984,Tuscaloosa,26049
298,Daniel Jones,Daniel@Jones.com,195-361-5345,Tempe,28047
299,Rosie Mitchell,Rosie@Mitchell.com,899-244-7923,Frisco,51650
300,Niamh Williams,Niamh@Williams.com,443-847-3066,Springfield,22017
301,Luca Davis,Luca@Davis.com,583-211-3277,Nampa,47149
302,JoshuaAlfie Baker,JoshuaAlfie@Baker.com,594-542-3683,Burlington,8001
303,Riley Williams,Riley@Williams.com,344-681-3519,Yakima,37081
304,Jasmine Rivera,Jasmine@Rivera.com,273-300-7955,Hayward,2020
305,Amy Edwards,Amy@Edwards.com,297-299-8163,Roanoke,13215
306,Eleanor Lopez,Eleanor@Lopez.com,583-689-5567,Johnson City,53061
307,Ruby Hernandez,Ruby@Hernandez.com,397-574-5160,Greenville,36027
308,Max Phillips,Max@Phillips.com,297-582-2871,Greenville,9190
309,Lilly Parker,Lilly@Parker.com,491-526-4258,Columbia,10001
310,Charlotte Collins,Charlotte@Collins.com,900-489-7314,Kailua,51630
311,Hannah Sanchez,Hannah@Sanchez.com,331-458-5996,Thornton,12071
312,Erin Davis,Erin@Davis.com,928-962-3310,Stamford,36067
313,Maya Clark,Maya@Clark.com,761-446-7596,Arvada,10001
314,Emily Rivera,Emily@Rivera.com,358-528-7434,Oceanside,6095
315,Louis Nelson,Louis@Nelson.com,755-128-3479,Gainesville,12097
316,;Bethany Edwards,;Bethany@Edwards.com,878-556-6180,Pueblo,48061
317,Mason Gomez,Mason@Gomez.com,505-924-9026,Torrance,12083
318,Ryan Anderson,Ryan@Anderson.com,268-845-4021,Lakewood,9190
319,Luca Harris,Luca@Harris.com,704-281-9258,Bellingham,72005
320,Lucas Smith,Lucas@Smith.com,578-901-1280,Johnson City,26099
321,Millie Smith,Millie@Smith.com,194-115-3447,Carlsbad,6061
322,Mathew Ramirez,Mathew@Ramirez.com,416-492-8858,Kenosha,39099
323,Maddison Reyes,Maddison@Reyes.com,946-136-1696,Carlsbad,6059
324,William Reyes,William@Reyes.com,112-635-4695,Santa Maria,51630
325,Reece Lewis,Reece@Lewis.com,814-850-2370,Paterson,8059
326,Georgia Allen,Georgia@Allen.com,222-312-7671,Fredericksburg,15003
327,Molly Williams,Molly@Williams.com,488-426-8980,Orange,48339
328,Jack Evans,Jack@Evans.com,653-341-3147,Columbia,48355
329,Henry Sanchez,Henry@Sanchez.com,286-513-7710,Champaign,45045
330,George Robinson,George@Robinson.com,111-711-8618,Frisco,51680
331,Jack Harris,Jack@Harris.com,225-130-3967,Danbury,1089
332,Lacey Turner,Lacey@Turner.com,564-907-7198,West Palm Beach,18039
333,Kieran Brown,Kieran@Brown.com,764-383-6981,Tacoma,6053
334,Sarah Wilson,Sarah@Wilson.com,867-485-9161,High Point,6061
335,Lewis Anderson,Lewis@Anderson.com,415-649-4850,Carolina,6071
336,Alex Ramirez,Alex@Ramirez.com,445-443-6712,Warner Robins,8059
337,Leon Edwards,Leon@Edwards.com,653-714-6535,Charleston,6097
338,Callum Nelson,Callum@Nelson.com,442-708-8291,Waco,24021
339,Nathan Jones,Nathan@Jones.com,386-529-4278,Erie,40027
340,Lauren Diaz,Lauren@Diaz.com,595-417-4827,Hollywood,26099
341,Logan Smith,Logan@Smith.com,865-340-6502,Independence,48423
342,Mohammed Anderson,Mohammed@Anderson.com,762-994-5997,Yuba City,12011
343,Sebastian Sanchez,Sebastian@Sanchez.com,790-107-2009,North Charleston,48309
344,Mathew Rodriguez,Mathew@Rodriguez.com,960-261-3771,Spartanburg,12127
345,Mia Nelson,Mia@Nelson.com,692-649-4858,Saginaw,53077
346,Holly King,Holly@King.com,496-329-3388,Olathe,48039
347,Olivia King,Olivia@King.com,387-169-4176,St. Cloud,12086
348,Joseph Wilson,Joseph@Wilson.com,638-540-6174,New Bedford,8001
349,Summer Cruz,Summer@Cruz.com,159-804-4506,New Bedford,47149
350,Georgia Harris,Georgia@Harris.com,410-155-4032,Manchester,4013
351,Jessica King,Jessica@King.com,163-318-6209,Fairfield,12011
352,Freddie Sanchez,Freddie@Sanchez.com,192-750-6994,Hemet,72021
353,Jack Ramirez,Jack@Ramirez.com,130-155-8661,Berkeley,19163
354,Maya Evans,Maya@Evans.com,137-748-7800,Athens,29077
355,Kyle Wilson,Kyle@Wilson.com,790-531-5368,High Point,36027
356,Henry Clark,Henry@Clark.com,687-719-7432,Sioux Falls,41047
357,Hayden Jones,Hayden@Jones.com,652-165-8198,Pembroke Pines,4013
358,Jack Baker,Jack@Baker.com,801-915-7981,Ponce,6095
359,Chloe Hall,Chloe@Hall.com,140-324-4133,Hampton,6071
360,Adam King,Adam@King.com,822-737-8736,Mauldin,17167
361,Mohammed Davis,Mohammed@Davis.com,487-459-5548,Houma,55087
362,Millie Williams,Millie@Williams.com,292-394-5130,Athens,32003
363,Ashton Anderson,Ashton@Anderson.com,914-410-3084,Clarksville,41039
364,Matilda Rodriguez,Matilda@Rodriguez.com,840-903-6557,Temple,26125
365,Poppy Garcia,Poppy@Garcia.com,993-591-4793,Coral Springs,48113
366,Tyler Garcia,Tyler@Garcia.com,278-416-8924,Gastonia,8005
367,Finlay Diaz,Finlay@Diaz.com,233-563-7158,Saginaw,12073
368,Layla Baker,Layla@Baker.com,130-563-7695,Ocala,48039
369,Luke Parker,Luke@Parker.com,767-887-4531,Carlsbad,6083
370,Oliver Miller,Oliver@Miller.com,591-411-3837,Athens,40027
371,Sophie Anderson,Sophie@Anderson.com,634-854-3240,Spring Valley,12099
372,Amelie Gomez,Amelie@Gomez.com,533-469-5498,Corona,28047
373,Layla Mitchell,Layla@Mitchell.com,389-374-7850,Peoria,6037
374,Ryan Lewis,Ryan@Lewis.com,424-261-9301,Paterson,45045
375,Layla Clark,Layla@Clark.com,415-399-8047,Huntington,48309
376,Reece Clark,Reece@Clark.com,726-637-3614,Bellevue,17167
377,Anna Lopez,Anna@Lopez.com,802-781-4004,Hagerstown,18003
378,Pheobe Phillips,Pheobe@Phillips.com,433-810-2740,Glendale,12073
379,Georgia Reyes,Georgia@Reyes.com,592-755-8564,Rancho Cucamonga,37063
380,Thomas Hall,Thomas@Hall.com,595-575-5925,Kailua,53053
381,Maya Edwards,Maya@Edwards.com,778-759-3384,Fredericksburg,42071
382,Kai King,Kai@King.com,304-531-2597,Athens,22055
383,Charlie Harris,Charlie@Harris.com,585-602-9770,Torrance,48423
384,Isabel Young,Isabel@Young.com,890-267-5624,West Valley City,6001
385,Ella Carter,Ella@Carter.com,703-275-2387,Macon,4013
386,Logan Williams,Logan@Williams.com,559-945-5509,Spring Hill,13153
387,Finley Martinez,Finley@Martinez.com,878-917-2526,Ponce,55059
388,Keira Adams,Keira@Adams.com,266-992-2846,Ponce,25017
389,Jessica Edwards,Jessica@Edwards.com,791-995-2602,Las Cruces,12069
390,Mia Phillips,Mia@Phillips.com,521-797-7843,Ocala,6111
391,Sophia Turner,Sophia@Turner.com,269-849-7166,Fort Smith,49035
392,Elizabeth Mitchell,Elizabeth@Mitchell.com,499-472-8065,Pasadena,26125
393,Archie Anderson,Archie@Anderson.com,420-548-7589,Norman,25013
394,Adam Hernandez,Adam@Hernandez.com,108-923-2791,Evansville,6071
395,Libby Carter,Libby@Carter.com,696-793-1526,Champaign,16027
396,Edward Robinson,Edward@Robinson.com,416-247-6726,Yonkers,32003
397,Sophia Clark,Sophia@Clark.com,589-245-2955,Greeley,17089
398,Leah Mitchell,Leah@Mitchell.com,242-781-4513,Dover,49035
399,Rebecca Hernandez,Rebecca@Hernandez.com,879-452-8516,Yuma,19103
400,Mathew Wilson,Mathew@Wilson.com,546-482-6370,Fontana,6083
401,Lily Phillips,Lily@Phillips.com,614-250-1898,Arecibo,24043
402,Charlie Carter,Charlie@Carter.com,203-998-4989,Danbury,48355
403,Logan Clark,Logan@Clark.com,528-649-1728,West Palm Beach,6073
404,Leah Cruz,Leah@Cruz.com,253-594-4411,Pearland,48027
405,Adam Hall,Adam@Hall.com,856-299-2192,Mauldin,24017
406,Kieran Robinson,Kieran@Robinson.com,297-638-5489,Hemet,37183
407,;Bethany King,;Bethany@King.com,204-974-5693,Elizabeth,4013
408,Sarah Edwards,Sarah@Edwards.com,113-476-8111,Thousand Oaks,72013
409,Lilly Baker,Lilly@Baker.com,176-710-6967,Nampa,8001
410,Jasmine Williams,Jasmine@Williams.com,871-604-9321,Joliet,17019
411,Zachary Parker,Zachary@Parker.com,447-295-9511,Brandon,25017
412,Isla Robinson,Isla@Robinson.com,355-477-8098,Lakewood,25005
413,Madison Anderson,Madison@Anderson.com,532-269-8083,Lake Charles,12011
414,Maya Ramirez,Maya@Ramirez.com,282-973-4136,Gainesville,32003
415,Harvey Roberts,Harvey@Roberts.com,605-242-3445,Merced,17019
416,Alexander Garcia,Alexander@Garcia.com,300-385-8076,Orange,4013
417,Noah Allen,Noah@Allen.com,811-520-4071,Vallejo,48309
418,Mia Mitchell,Mia@Mitchell.com,709-696-2334,Vancouver,22019
419,Lucy Martinez,Lucy@Martinez.com,167-636-2966,Utica,17167
420,Jack Rivera,Jack@Rivera.com,126-612-5852,Logan,6037
421,Kieran Baker,Kieran@Baker.com,500-109-4277,Santa Maria,17019
422,Hayden Hernandez,Hayden@Hernandez.com,756-606-7009,Pasadena,48061
423,Niamh Nelson,Niamh@Nelson.com,443-921-2688,Fairfield,8013
424,Jacob Parker,Jacob@Parker.com,157-336-5059,Elkhart,53033
425,Amelie Cruz,Amelie@Cruz.com,568-267-9678,Spring Valley,32003
426,Poppy Phillips,Poppy@Phillips.com,469-153-4574,Gainesville,6083
427,Charles Hernandez,Charles@Hernandez.com,775-407-2553,Alexandria,32003
428,Toby Ramirez,Toby@Ramirez.com,595-680-3352,Warner Robins,47065
429,Grace Clark,Grace@Clark.com,775-928-3062,Monroe,51710
430,Liam Cruz,Liam@Cruz.com,777-883-8858,Torrance,41039
431,Olivia Edwards,Olivia@Edwards.com,446-116-6959,Brownsville,48113
432,Anna Lewis,Anna@Lewis.com,418-685-7684,Fontana,6077
433,Molly Brown,Molly@Brown.com,501-576-8154,Arvada,26077
434,Noah Edwards,Noah@Edwards.com,447-118-4250,Berkeley,48303
435,Leo Jones,Leo@Jones.com,331-569-6070,Santa Barbara,48113
436,Harley Turner,Harley@Turner.com,652-788-6263,Amarillo,12105
437,Leon Miller,Leon@Miller.com,547-791-7802,Alexandria,6037
438,Mathew Mitchell,Mathew@Mitchell.com,702-107-5182,Cambridge,6013
439,Mason Lopez,Mason@Lopez.com,533-448-1681,Hollywood,6013
440,Nathan Williams,Nathan@Williams.com,455-765-8642,Panama City,37063
441,James Allen,James@Allen.com,739-956-6239,Hampton,12083
442,Kyle Gomez,Kyle@Gomez.com,127-890-9634,Panama City,72021
443,Ashton Wilson,Ashton@Wilson.com,737-559-8073,High Point,26099
444,Georgia Miller,Georgia@Miller.com,725-333-3529,Sunrise Manor,6059
445,Ryan Campbell,Ryan@Campbell.com,365-837-9575,Visalia,12005
446,Molly Anderson,Molly@Anderson.com,154-726-7927,Elkhart,45051
447,Alisha Lewis,Alisha@Lewis.com,498-525-1291,Monroe,72031
448,Isaac Lopez,Isaac@Lopez.com,432-745-2750,Meridian,54011
449,Eleanor Evans,Eleanor@Evans.com,136-987-5243,West Jordan,12053
450,Samuel Brown,Samuel@Brown.com,577-780-5884,Berkeley,4013
451,Isabelle Sanchez,Isabelle@Sanchez.com,694-965-3309,Binghamton,45019
452,Charlie Robinson,Charlie@Robinson.com,630-632-6190,Kansas City,12105
453,Theo Parker,Theo@Parker.com,720-556-1867,Santa Cruz,12011
454,Leah Phillips,Leah@Phillips.com,481-232-5044,Marysville,6059
455,Summer Garcia,Summer@Garcia.com,945-733-3731,Simi Valley,48113
456,Mia Smith,Mia@Smith.com,284-977-8649,Logan,17167
457,Louis Williams,Louis@Williams.com,319-495-1870,Topeka,13153
458,Lola Rodriguez,Lola@Rodriguez.com,626-507-5580,Rochester,6095
459,Maddison Phillips,Maddison@Phillips.com,148-449-7752,Overland Park,33011
460,Joseph Williams,Joseph@Williams.com,686-909-9833,Yuba City,48113
461,Charlotte Brown,Charlotte@Brown.com,904-846-6426,Hollywood,47125
462,Sarah Gomez,Sarah@Gomez.com,491-906-1619,Cambridge,19163
463,Dylan Parker,Dylan@Parker.com,657-570-5874,McKinney,6059
464,Charles Ramirez,Charles@Ramirez.com,788-634-9150,Warner Robins,32003
465,Harvey Martinez,Harvey@Martinez.com,305-134-4778,Richmond,55101
466,Nathan Ramirez,Nathan@Ramirez.com,961-982-9834,Brownsville,8001
467,Lucas Parker,Lucas@Parker.com,303-706-5026,Coeur d'Alene,37067
468,Max Nelson,Max@Nelson.com,797-212-5540,Grand Prairie,2020
469,Katie Garcia,Katie@Garcia.com,977-644-9400,Santa Maria,37001
470,Riley Hall,Riley@Hall.com,985-374-4131,Pembroke Pines,9190
471,Henry Miller,Henry@Miller.com,556-706-8995,Elizabeth,6073
472,Lexi Walker,Lexi@Walker.com,863-447-8013,Athens,37063
473,Madison Parker,Madison@Parker.com,991-187-4292,Utica,17089
474,Michael Lopez,Michael@Lopez.com,405-724-6388,Hemet,55009
475,James Edwards,James@Edwards.com,913-194-6834,Lynchburg,32003
476,Bailey Garcia,Bailey@Garcia.com,616-577-5953,Panama City,37051
477,Sophie Hall,Sophie@Hall.com,982-747-6026,East Los Angeles,48121
478,Alex Phillips,Alex@Phillips.com,483-820-8068,McKinney,20177
479,David Smith,David@Smith.com,661-654-2454,Alexandria,42049
480,Imogen Cruz,Imogen@Cruz.com,435-382-8048,Tempe,48061
481,Zachary Davis,Zachary@Davis.com,252-772-3967,Fort Smith,12053
482,Ellie Walker,Ellie@Walker.com,770-183-8934,Duluth,24017
483,Amber Garcia,Amber@Garcia.com,893-959-3649,Arvada,53033
484,Adam Jones,Adam@Jones.com,217-712-5893,Fontana,50007
485,Connor Campbell,Connor@Campbell.com,152-967-5608,Corona,48085
486,Connor Cruz,Connor@Cruz.com,257-200-4157,Hickory,31109
487,Alisha Gomez,Alisha@Gomez.com,684-371-5806,Santa Barbara,23005
488,Isabel Rodriguez,Isabel@Rodriguez.com,713-205-2789,Hayward,22019
489,George Sanchez,George@Sanchez.com,208-743-8422,Pearland,50007
490,Rosie Parker,Rosie@Parker.com,924-906-2634,Pomona,10001
491,Harrison Campbell,Harrison@Campbell.com,133-600-8688,Ponce,6101
492,Gracie Hall,Gracie@Hall.com,761-216-5519,Cambridge,34039
493,Max Harris,Max@Harris.com,553-671-6678,Port Arthur,27137
494,Ruby Hall,Ruby@Hall.com,299-968-9365,Pearland,47125
495,Ashton Hall,Ashton@Hall.com,551-936-6298,Gainesville,48135
496,;Bethany Allen,;Bethany@Allen.com,314-597-1494,West Valley City,6065
497,Leo Nelson,Leo@Nelson.com,687-279-5367,Gastonia,6059
498,Charlotte Carter,Charlotte@Carter.com,717-659-1308,Gainesville,6053
499,Jayden Collins,Jayden@Collins.com,766-934-9724,Round Rock,36007
500,Lexi Edwards,Lexi@Edwards.com,928-660-9141,Elizabeth,51550
501,George Carter,George@Carter.com,254-303-3145,Berkeley,35013
502,Lewis Allen,Lewis@Allen.com,770-618-6822,Ponce,17089
503,David Reyes,David@Reyes.com,759-201-7159,Greeley,37051
504,Caitlin Hall,Caitlin@Hall.com,764-669-5917,Pearland,8123
505,Toby Robinson,Toby@Robinson.com,195-207-4664,Roseville,6071
506,Harvey Turner,Harvey@Turner.com,107-534-3476,Kent,48439
507,Isabelle Collins,Isabelle@Collins.com,968-831-4323,Thousand Oaks,34017
508,Eva Johnson,Eva@Johnson.com,125-514-9141,Orange,51013
509,Ellie Clark,Ellie@Clark.com,954-142-9765,Santa Cruz,12086
510,Alisha Davis,Alisha@Davis.com,478-565-2307,Leesburg,51013
511,Keira Carter,Keira@Carter.com,116-699-3166,Broken Arrow,1101
512,Maisie Cruz,Maisie@Cruz.com,925-773-4980,Gastonia,17143
513,Scarlett Mitchell,Scarlett@Mitchell.com,750-167-4056,Redding,8001
514,Lexi Cruz,Lexi@Cruz.com,611-850-2645,Fontana,28047
515,Erin Campbell,Erin@Campbell.com,985-200-8440,College Station,37063
516,Finlay Rivera,Finlay@Rivera.com,188-594-1957,Erie,48113
517,Niamh Davis,Niamh@Davis.com,733-583-7411,Pomona,12103
518,Ben Hernandez,Ben@Hernandez.com,905-861-1389,Hickory,6065
519,Kieran Lewis,Kieran@Lewis.com,277-610-1678,Yakima,25017
520,Caitlin Brown,Caitlin@Brown.com,352-107-3568,Evansville,27109
521,Ben Clark,Ben@Clark.com,237-827-8512,Lakewood,55087
522,Anna Rivera,Anna@Rivera.com,376-287-3411,Norwich,13139
523,Rebecca Rodriguez,Rebecca@Rodriguez.com,506-975-1392,West Jordan,48135
524,Imogen Robinson,Imogen@Robinson.com,494-501-8325,Champaign,42011
525,Paige Cruz,Paige@Cruz.com,774-659-5967,Lynchburg,50007
526,Brandon Harris,Brandon@Harris.com,174-728-7149,Sioux Falls,53077
527,Isabel Rivera,Isabel@Rivera.com,991-197-6702,Visalia,53053
528,Sarah Anderson,Sarah@Anderson.com,101-976-1792,Charleston,51710
529,Evie Young,Evie@Young.com,928-394-9312,Binghamton,9190
530,Hayden Turner,Hayden@Turner.com,783-460-3080,Carlsbad,6053
531,George Rivera,George@Rivera.com,686-314-3291,Yakima,4013
532,Charlie Gomez,Charlie@Gomez.com,773-110-7628,Huntington,13215
533,Harley Campbell,Harley@Campbell.com,635-411-6369,Charleston,6077
534,Millie Roberts,Millie@Roberts.com,138-902-8740,Lowell,12103
535,Zara Harris,Zara@Harris.com,297-392-9670,Mandeville,45051
536,;Bethany Jones,;Bethany@Jones.com,613-821-3743,Lehigh Acres,53011
537,Maya Nelson,Maya@Nelson.com,608-372-5644,Utica,37067
538,Connor Nelson,Connor@Nelson.com,847-495-6675,Richardson,24021
539,Sienna Nelson,Sienna@Nelson.com,670-401-7599,Sterling Heights,51550
540,Lucas Collins,Lucas@Collins.com,563-293-1453,Bloomington,42049
541,Leon Diaz,Leon@Diaz.com,364-944-8352,Corona,26065
542,Anna Carter,Anna@Carter.com,264-333-2500,Carolina,48113
543,Holly Ramirez,Holly@Ramirez.com,315-711-7472,Coral Springs,47149
544,Chloe Jones,Chloe@Jones.com,924-277-2215,Harlingen,48121
545,Lilly Martinez,Lilly@Martinez.com,342-338-7062,Carolina,20091
546,Isobel Edwards,Isobel@Edwards.com,149-427-1253,Columbia,48339
547,William Garcia,William@Garcia.com,648-557-5830,Yakima,13051
548,Evie Ramirez,Evie@Ramirez.com,837-154-3606,Greeley,17143
549,Harvey Ramirez,Harvey@Ramirez.com,675-462-4564,Evansville,37081
550,Zara Miller,Zara@Miller.com,145-576-9401,Spring Valley,55101
551,Madison Adams,Madison@Adams.com,755-669-3529,Roanoke,12033
552,Madison Johnson,Madison@Johnson.com,268-235-8330,Hollywood,48027
553,Charlotte Hall,Charlotte@Hall.com,219-995-7773,Yonkers,46099
554,Lauren Campbell,Lauren@Campbell.com,656-221-4661,Thornton,23005
555,Noah Ramirez,Noah@Ramirez.com,892-716-3035,Columbia,42071
556,Harley Garcia,Harley@Garcia.com,825-662-4301,Yuba City,37067
557,David Jones,David@Jones.com,509-279-8914,Orange,6065
558,Mathew Sanchez,Mathew@Sanchez.com,216-403-1478,Burlington,51710
559,Samuel Lewis,Samuel@Lewis.com,327-775-4428,Springfield,40027
560,Alice King,Alice@King.com,957-211-6898,Simi Valley,49035
561,Liam Garcia,Liam@Garcia.com,332-587-2912,Arvada,48303
562,Finley Jones,Finley@Jones.com,880-977-9054,Waco,42133
563,Lola Mitchell,Lola@Mitchell.com,591-528-4747,Clarksville,12083
564,Finley Parker,Finley@Parker.com,448-850-9709,Houma,8001
565,Caitlin Turner,Caitlin@Turner.com,981-370-5105,Roanoke,8013
566,Sebastian Jones,Sebastian@Jones.com,229-709-2581,Sunrise Manor,6037
567,Zachary Williams,Zachary@Williams.com,893-530-5442,Fullerton,6059
568,Matilda Miller,Matilda@Miller.com,672-505-5531,Houma,48135
569,Joseph Diaz,Joseph@Diaz.com,270-882-2980,Santa Barbara,37067
570,Erin Clark,Erin@Clark.com,431-452-9609,Portland,6073
571,Luke Sanchez,Luke@Sanchez.com,460-785-6165,Ontario,13139
572,Isobel Young,Isobel@Young.com,745-503-7831,Medford,37063
573,Ryan Jones,Ryan@Jones.com,860-697-3822,Boulder,18163
574,Oliver Robinson,Oliver@Robinson.com,182-934-1326,Bellingham,49053
575,Sarah Miller,Sarah@Miller.com,147-394-2453,Midland,34013
576,Joseph Gomez,Joseph@Gomez.com,192-895-2837,Brandon,20209
577,Elizabeth Lopez,Elizabeth@Lopez.com,453-649-1871,Galveston,12099
578,Isabel Ramirez,Isabel@Ramirez.com,601-302-8142,McKinney,37067
579,Isobel Hall,Isobel@Hall.com,685-386-6322,Brandon,12083
580,Leon Jones,Leon@Jones.com,846-690-1364,Harlingen,37067
581,Rosie Jones,Rosie@Jones.com,263-900-8696,Visalia,4013
582,Sophie Miller,Sophie@Miller.com,645-246-1996,North Charleston,16055
583,Alex Sanchez,Alex@Sanchez.com,997-621-5533,Gainesville,49035
584,Edward Roberts,Edward@Roberts.com,795-586-2943,Erie,34013
585,Bailey Turner,Bailey@Turner.com,658-608-4859,Seaside,6065
586,Summer Rivera,Summer@Rivera.com,843-327-7703,Midland,40027
587,Ellie Martinez,Ellie@Martinez.com,991-876-8969,Ontario,48113
588,Jasmine Turner,Jasmine@Turner.com,449-294-3242,Hollywood,48439
589,Anna Wilson,Anna@Wilson.com,204-118-1614,Duluth,32003
590,Mia Evans,Mia@Evans.com,386-807-1458,Panama City,13059
591,Leo Anderson,Leo@Anderson.com,237-662-3819,Cedar Rapids,53061
592,Eleanor Rodriguez,Eleanor@Rodriguez.com,471-849-7235,Salinas,1089
593,Freddie Parker,Freddie@Parker.com,382-874-5810,Port Arthur,6097
594,Kyle Smith,Kyle@Smith.com,300-219-7577,Tuscaloosa,49035
595,Harvey Jones,Harvey@Jones.com,843-383-7294,West Jordan,6107
596,Alice Garcia,Alice@Garcia.com,202-882-4812,Houma,1101
597,Molly Reyes,Molly@Reyes.com,918-535-2571,Nampa,32003
598,Mohammed Parker,Mohammed@Parker.com,444-123-5200,Roseville,72113
599,Finlay Wilson,Finlay@Wilson.com,878-371-2479,Spartanburg,37147
600,Caitlin Garcia,Caitlin@Garcia.com,272-904-4583,Cedar Rapids,48113
601,Theo Young,Theo@Young.com,277-107-5637,Clearwater,18003
602,Eva Baker,Eva@Baker.com,287-349-9697,Hayward,25017
603,Ethan Walker,Ethan@Walker.com,570-874-1669,Dover,12069
604,Zachary Roberts,Zachary@Roberts.com,399-942-5190,Fredericksburg,55009
605,Madison Collins,Madison@Collins.com,184-769-1661,Merced,6083
606,Maddison Anderson,Maddison@Anderson.com,703-419-9116,Dover,4013
607,Louis Turner,Louis@Turner.com,333-833-3955,Tyler,18039
608,Mia Garcia,Mia@Garcia.com,172-147-2907,Cary,26049
609,Callum Campbell,Callum@Campbell.com,887-305-3295,Port Arthur,6059
610,Eva Ramirez,Eva@Ramirez.com,898-236-5708,Independence,18141
611,Maddison Lopez,Maddison@Lopez.com,533-974-6023,Grand Junction,13021
612,Isla Young,Isla@Young.com,856-616-2307,Peoria,72113
613,Gracie Turner,Gracie@Turner.com,801-374-7830,Pearland,48113
614,Jasmine Diaz,Jasmine@Diaz.com,362-812-8853,Fontana,27137
615,Freddie Turner,Freddie@Turner.com,557-285-3810,College Station,36065
616,Mia Lopez,Mia@Lopez.com,138-211-2594,Arvada,6065
617,Alice Parker,Alice@Parker.com,196-311-6478,Fairfield,6047
618,Ava Gomez,Ava@Gomez.com,537-583-9110,Evansville,6013
619,Edward Baker,Edward@Baker.com,125-924-1843,Amarillo,12105
620,James Anderson,James@Anderson.com,102-276-8720,Olympia,12005
621,Isaac Turner,Isaac@Turner.com,425-572-1445,Yakima,47179
622,Eva Robinson,Eva@Robinson.com,851-630-4899,Utica,48041
623,Leah Wilson,Leah@Wilson.com,389-780-3304,Olympia,4013
624,Isaac Collins,Isaac@Collins.com,442-589-4962,Kent,12069
625,Sophie Nelson,Sophie@Nelson.com,850-471-9458,Binghamton,13245
626,Maisie Diaz,Maisie@Diaz.com,262-205-8715,Leesburg,6097
627,Jayden Evans,Jayden@Evans.com,626-851-6664,Redding,9190
628,Chloe Collins,Chloe@Collins.com,258-195-4108,Sunnyvale,26065
629,Daniel Robinson,Daniel@Robinson.com,792-998-2457,Merced,17167
630,Kieran Diaz,Kieran@Diaz.com,816-443-1745,Santa Barbara,42011
631,Daniel Garcia,Daniel@Garcia.com,294-537-1936,Thornton,30111
632,Alexander Diaz,Alexander@Diaz.com,851-632-6214,Kansas City,6001
633,Millie King,Millie@King.com,758-487-6453,Sioux Falls,51710
634,Rebecca King,Rebecca@King.com,450-631-7020,Duluth,6111
635,Mason Smith,Mason@Smith.com,957-543-5799,Richardson,2020
636,Hayden Allen,Hayden@Allen.com,282-652-6080,Galveston,6071
637,Reece Wilson,Reece@Wilson.com,229-213-6571,Seaside,72021
638,Aaron Young,Aaron@Young.com,864-117-9079,Santa Barbara,39099
639,Daisy Williams,Daisy@Williams.com,135-672-6173,Bellingham,22109
640,Molly Young,Molly@Young.com,822-616-2276,South Lyon,12105
641,Eva Jones,Eva@Jones.com,664-351-1862,Binghamton,53033
642,Rebecca Williams,Rebecca@Williams.com,288-243-5289,Yakima,42133
643,Leah Campbell,Leah@Campbell.com,512-299-8118,Portland,6037
644,Ryan Allen,Ryan@Allen.com,422-915-6478,Grand Prairie,26077
645,Scarlett Roberts,Scarlett@Roberts.com,657-184-9421,Elk Grove,6037
646,Emma Adams,Emma@Adams.com,624-435-2621,College Station,72113
647,Isla Sanchez,Isla@Sanchez.com,686-997-4979,Gastonia,4013
648,Ethan Garcia,Ethan@Garcia.com,729-335-2721,College Station,20091
649,Brooke Phillips,Brooke@Phillips.com,852-244-8192,Brandon,12057
650,Owen Rivera,Owen@Rivera.com,743-230-7909,Fullerton,53073
651,Archie Carter,Archie@Carter.com,904-500-7400,South Lyon,51770
652,Bailey Miller,Bailey@Miller.com,200-919-4840,Rochester,6001
653,Jasmine Clark,Jasmine@Clark.com,284-878-7357,Sioux Falls,6065
654,Kyle Miller,Kyle@Miller.com,589-435-4025,Manchester,51510
655,Mathew Garcia,Mathew@Garcia.com,304-272-2601,Santa Barbara,12127
656,Rosie Rodriguez,Rosie@Rodriguez.com,562-832-8037,Sioux Falls,51510
657,Mathew Young,Mathew@Young.com,486-241-2750,Logan,48303
658,Ruby Edwards,Ruby@Edwards.com,208-944-2366,Salinas,8013
659,Alex Allen,Alex@Allen.com,899-138-6605,Grand Prairie,53033
660,Leo Reyes,Leo@Reyes.com,639-298-8115,Newport News,54011
661,Harvey Rodriguez,Harvey@Rodriguez.com,700-402-4256,Santa Maria,48121
662,Toby Smith,Toby@Smith.com,563-514-1996,Fullerton,49053
663,Maya Baker,Maya@Baker.com,619-776-8894,Corona,39151
664,Layla Phillips,Layla@Phillips.com,989-248-4930,Berkeley,12069
665,Zachary Clark,Zachary@Clark.com,690-625-7742,Logan,9190
666,Imogen Garcia,Imogen@Garcia.com,222-990-2589,Glendale,6073
667,Finlay Hall,Finlay@Hall.com,585-611-8411,Billings,20091
668,Bailey Roberts,Bailey@Roberts.com,795-303-5050,Carlsbad,26125
669,Keira Young,Keira@Young.com,167-887-1236,Sunnyvale,48355
670,Michael Parker,Michael@Parker.com,103-351-2451,Grand Junction,50007
671,Aaron Martinez,Aaron@Martinez.com,164-856-6653,Sunnyvale,12069
672,Kieran Miller,Kieran@Miller.com,605-503-1730,Carlsbad,27123
673,Tia Collins,Tia@Collins.com,773-628-4459,Richmond,12105
674,Amber Rivera,Amber@Rivera.com,911-835-2926,Cary,48113
675,Finlay Williams,Finlay@Williams.com,293-397-4503,Arvada,12097
676,Amelia King,Amelia@King.com,473-255-8007,Yakima,48113
677,Amelie Lopez,Amelie@Lopez.com,395-537-7976,Visalia,4013
678,Kieran Hall,Kieran@Hall.com,337-454-9668,Roanoke,26065
679,Brandon Ramirez,Brandon@Ramirez.com,772-510-2363,Sioux Falls,48201
680,Isobel Turner,Isobel@Turner.com,632-905-5639,Pearland,26145
681,Jack King,Jack@King.com,663-109-6007,Lakewood,45019
682,Lexi Robinson,Lexi@Robinson.com,801-729-7541,Bellingham,12011
683,Isobel Harris,Isobel@Harris.com,942-810-7617,Lorain,34039
684,Scarlett Davis,Scarlett@Davis.com,268-486-5628,Frisco,53005
685,Daniel Parker,Daniel@Parker.com,427-682-9631,Erie,6111
686,Holly Evans,Holly@Evans.com,319-704-6044,Columbia,32003
687,Kieran Allen,Kieran@Allen.com,187-102-4452,Yakima,6065
688,Gracie Ramirez,Gracie@Ramirez.com,483-461-4812,Lowell,6085
689,Jessica Anderson,Jessica@Anderson.com,180-773-8432,Abilene,49053
690,Emma Diaz,Emma@Diaz.com,616-601-2204,Arvada,45045
691,Kyle King,Kyle@King.com,186-587-6727,Warner Robins,29077
692,Abigail Smith,Abigail@Smith.com,646-518-5837,Independence,48039
693,Gracie King,Gracie@King.com,751-468-8525,Racine,20209
694,Jacob Anderson,Jacob@Anderson.com,725-270-5735,Huntington,26065
695,Niamh Mitchell,Niamh@Mitchell.com,262-794-3307,Surprise,37071
696,Lewis Smith,Lewis@Smith.com,324-859-2882,Overland Park,6073
697,Libby Rivera,Libby@Rivera.com,366-284-7315,Coral Springs,9190
698,Kai Collins,Kai@Collins.com,266-734-1423,Fullerton,49035
699,Kyle Jones,Kyle@Jones.com,644-285-6008,Richardson,48041
700,Max Rodriguez,Max@Rodriguez.com,221-828-7876,Aurora,41047
701,Finley Cruz,Finley@Cruz.com,697-826-5086,Meridian,54039
702,Summer Parker,Summer@Parker.com,123-995-4937,St. Cloud,6071
703,Imogen Lewis,Imogen@Lewis.com,143-926-7681,Meridian,8077
704,Charlie Lopez,Charlie@Lopez.com,823-199-6939,Logan,51700
705,Isabelle Miller,Isabelle@Miller.com,389-925-3618,Bayamón,55059
706,Maya Wilson,Maya@Wilson.com,905-601-8509,Arvada,32003
707,Charlotte Adams,Charlotte@Adams.com,907-469-9094,Overland Park,39151
708,Mathew Evans,Mathew@Evans.com,450-429-9176,Berkeley,48113
709,Millie Davis,Millie@Davis.com,767-160-6904,Tempe,32003
710,Molly Ramirez,Molly@Ramirez.com,562-690-6903,Thousand Oaks,6071
711,Ava Smith,Ava@Smith.com,988-221-5682,Mesquite,6089
712,Nathan Lopez,Nathan@Lopez.com,520-629-5893,Yakima,48245
713,Isla Garcia,Isla@Garcia.com,946-919-3829,South Lyon,4013
714,Theo Robinson,Theo@Robinson.com,145-694-3320,Houma,32003
715,Ava Reyes,Ava@Reyes.com,951-645-4790,Bloomington,8059
716,Edward Young,Edward@Young.com,232-865-6448,Roanoke,34039
717,Adam Harris,Adam@Harris.com,578-328-7996,Gainesville,6111
718,Eleanor Martinez,Eleanor@Martinez.com,670-572-4001,Frisco,26125
719,Layla Wilson,Layla@Wilson.com,461-422-4181,Elk Grove,51680
720,Lewis Sanchez,Lewis@Sanchez.com,909-316-4137,Naperville,6071
721,Scarlett Smith,Scarlett@Smith.com,443-884-9014,Pembroke Pines,6071
722,Isla Jones,Isla@Jones.com,515-806-5606,Orange,16001
723,Zara Phillips,Zara@Phillips.com,996-613-7638,Yuma,27137
724,Sebastian Cruz,Sebastian@Cruz.com,235-179-2326,Duluth,26099
725,Ben Ramirez,Ben@Ramirez.com,763-411-4952,Ponce,6065
726,Daisy Reyes,Daisy@Reyes.com,462-725-3356,Muskegon,20209
727,Imogen Williams,Imogen@Williams.com,792-940-3391,Pomona,53067
728,Ashton Allen,Ashton@Allen.com,352-470-2030,Santa Barbara,29095
729,Amelie Smith,Amelie@Smith.com,426-204-8901,Rancho Cucamonga,54039
730,Alisha Rodriguez,Alisha@Rodriguez.com,705-627-1748,Evansville,48113
731,Mohammad Gomez,Mohammad@Gomez.com,698-455-6005,High Point,9140
732,Lola Baker,Lola@Baker.com,183-490-2597,Lewisville,48113
733,Kyle Nelson,Kyle@Nelson.com,970-746-3582,Orange,32003
734,Sienna Brown,Sienna@Brown.com,578-715-3206,Lafayette,17089
735,Anna Sanchez,Anna@Sanchez.com,918-520-6144,Sterling Heights,45045
736,Isaac Roberts,Isaac@Roberts.com,408-562-7407,Kent,48041
737,Kai Campbell,Kai@Campbell.com,629-827-6282,Lakewood,4027
738,Brandon Parker,Brandon@Parker.com,382-414-1756,Portland,8005
739,Lily Cruz,Lily@Cruz.com,870-580-7043,Danbury,30111
740,Elizabeth Campbell,Elizabeth@Campbell.com,285-850-2734,Carolina,48375
741,Luke Reyes,Luke@Reyes.com,376-735-7874,Olympia,41047
742,Jessica Brown,Jessica@Brown.com,201-762-5409,Oceanside,32003
743,Katie Walker,Katie@Walker.com,264-930-4752,McKinney,34017
744,Charlotte Miller,Charlotte@Miller.com,199-548-3822,Moreno Valley,6101
745,Charles Edwards,Charles@Edwards.com,530-263-2929,West Jordan,33011
746,Cameron Roberts,Cameron@Roberts.com,829-664-2116,Frisco,12011
747,Lewis Cruz,Lewis@Cruz.com,325-452-3449,Pasadena,19163
748,Keira Hall,Keira@Hall.com,117-602-7422,Spring Valley,4013
749,Louis Gomez,Louis@Gomez.com,298-669-2582,Houma,13215
750,Georgia Cruz,Georgia@Cruz.com,914-432-7772,Miramar,19113
751,Eva Martinez,Eva@Martinez.com,923-914-8999,Cambridge,13245
752,Evie Garcia,Evie@Garcia.com,554-286-1775,Escondido,51680
753,Ruby Adams,Ruby@Adams.com,567-253-4876,Cambridge,6001
754,Jacob Roberts,Jacob@Roberts.com,138-289-4047,Abilene,45091
755,Holly Allen,Holly@Allen.com,494-541-4803,Rochester,6037
756,Ryan Diaz,Ryan@Diaz.com,467-432-4803,Racine,5143
757,Zachary Allen,Zachary@Allen.com,660-497-3646,Orange,12011
758,George Roberts,George@Roberts.com,917-127-1852,Bayamón,15003
759,Keira Roberts,Keira@Roberts.com,265-431-9065,Paradise,34021
760,Jack Garcia,Jack@Garcia.com,401-645-2261,Spring Hill,49035
761,Zara Rivera,Zara@Rivera.com,721-540-8881,Fort Lauderdale,18141
762,Katie Hernandez,Katie@Hernandez.com,818-657-7453,Visalia,12011
763,Ella Jones,Ella@Jones.com,518-543-9631,Mandeville,45051
764,Caitlin Sanchez,Caitlin@Sanchez.com,864-520-8956,Bellingham,48113
765,Daisy King,Daisy@King.com,257-876-6054,Mesquite,6073
766,Imogen Rodriguez,Imogen@Rodriguez.com,988-911-2870,The Woodlands,6001
767,Thomas Roberts,Thomas@Roberts.com,417-858-2495,Manchester,20177
768,Libby Jones,Libby@Jones.com,864-825-2874,Lynchburg,48085
769,Mia Jones,Mia@Jones.com,515-768-9444,High Point,6059
770,Jake Phillips,Jake@Phillips.com,197-616-1787,South Lyon,17113
771,Kieran Johnson,Kieran@Johnson.com,394-596-9210,Panama City,8001
772,Adam Lewis,Adam@Lewis.com,380-411-5740,Lake Charles,41039
773,Leah Collins,Leah@Collins.com,575-789-7104,Medford,6111
774,Imogen Harris,Imogen@Harris.com,837-802-6280,Manchester,25005
775,Cameron Hernandez,Cameron@Hernandez.com,663-357-5836,Lakewood,42069
776,Edward Lewis,Edward@Lewis.com,411-287-2030,Clarksville,13245
777,Amber Ramirez,Amber@Ramirez.com,393-496-9177,Yakima,12005
778,Samuel Campbell,Samuel@Campbell.com,112-689-8319,Midland,12103
779,Amelie Wilson,Amelie@Wilson.com,887-331-1315,Brownsville,29019
780,Liam Lewis,Liam@Lewis.com,788-591-2757,Roanoke,53033
781,Aaron Adams,Aaron@Adams.com,767-278-2828,Fort Smith,19103
782,Callum Garcia,Callum@Garcia.com,574-754-4315,Port Arthur,53077
783,Isabelle Brown,Isabelle@Brown.com,385-937-6978,Independence,6065
784,Layla Garcia,Layla@Garcia.com,672-534-4318,Sterling Heights,39151
785,Maddison Parker,Maddison@Parker.com,568-392-7642,Grand Prairie,8059
786,Lacey Brown,Lacey@Brown.com,925-542-1439,Waco,6095
787,Abigail Garcia,Abigail@Garcia.com,278-369-8421,Harlingen,20091
788,Chloe Young,Chloe@Young.com,550-581-7511,Saginaw,45019
789,Ava Cruz,Ava@Cruz.com,368-807-2484,Greeley,2020
790,James Adams,James@Adams.com,937-261-1798,Rochester,10001
791,Henry Harris,Henry@Harris.com,434-781-4280,Cary,12053
792,Reece Diaz,Reece@Diaz.com,541-986-9444,Hayward,42049
793,Mohammad Rivera,Mohammad@Rivera.com,740-115-8878,Iowa City,6071
794,Emma Hall,Emma@Hall.com,429-431-9703,Pomona,42049
795,Jessica Phillips,Jessica@Phillips.com,373-140-3865,Fort Smith,6111
796,Olivia Harris,Olivia@Harris.com,195-216-7080,Las Cruces,8013
797,Riley Miller,Riley@Miller.com,525-947-5106,Sunnyvale,8123
798,Daniel Rivera,Daniel@Rivera.com,813-960-6605,Palmdale,48245
799,Nathan Diaz,Nathan@Diaz.com,158-697-9290,Danbury,6013
800,Scarlett Miller,Scarlett@Miller.com,292-880-8490,Lewisville,49035
801,Olivia Jones,Olivia@Jones.com,255-868-2246,Surprise,17197
802,Lauren Martinez,Lauren@Martinez.com,453-992-2029,Joliet,32003
803,Isla Harris,Isla@Harris.com,331-663-5907,Grand Prairie,6001
804,Archie Parker,Archie@Parker.com,814-322-3705,Tuscaloosa,4013
805,Alisha Mitchell,Alisha@Mitchell.com,985-812-9050,Odessa,45091
806,Maisie Smith,Maisie@Smith.com,667-240-6605,Lake Charles,33011
807,Isla Anderson,Isla@Anderson.com,963-246-3763,Pearland,22073
808,Freya Miller,Freya@Miller.com,741-791-4355,West Palm Beach,48201
809,Amelia Baker,Amelia@Baker.com,702-150-4830,Utica,12011
810,Lilly Garcia,Lilly@Garcia.com,405-936-6880,Garden Grove,26065
811,Charlotte Cruz,Charlotte@Cruz.com,752-892-9247,Escondido,18039
812,Emma Clark,Emma@Clark.com,259-432-3417,Duluth,18157
813,Aaron Davis,Aaron@Davis.com,608-200-7413,Santa Clara,13051
814,Maisie Carter,Maisie@Carter.com,760-897-2980,Yakima,6073
815,Chloe Nelson,Chloe@Nelson.com,196-810-5622,Norman,53053
816,Amelia Williams,Amelia@Williams.com,956-305-3167,New Bedford,16055
817,Michael Ramirez,Michael@Ramirez.com,644-805-9126,Vallejo,4013
818,Libby Ramirez,Libby@Ramirez.com,125-946-7622,Bayamón,17097
819,Ruby Johnson,Ruby@Johnson.com,530-401-6096,Murfreesboro,34039
820,Grace Allen,Grace@Allen.com,741-912-4243,Abilene,49035
821,Niamh Martinez,Niamh@Martinez.com,655-117-7270,Utica,6037
822,David Evans,David@Evans.com,285-892-6563,College Station,9190
823,Ethan Hall,Ethan@Hall.com,770-789-8205,Frederick,6001
824,Hannah Garcia,Hannah@Garcia.com,977-887-4568,Redding,37067
825,Connor Lewis,Connor@Lewis.com,644-335-6878,Yakima,24043
826,Joseph Roberts,Joseph@Roberts.com,492-893-3789,Miramar,48339
827,Brooke Edwards,Brooke@Edwards.com,293-542-8798,Burlington,6107
828,Thomas Anderson,Thomas@Anderson.com,945-878-2046,Odessa,21067
829,Isla Turner,Isla@Turner.com,872-375-9143,South Lyon,26065
830,Maddison Miller,Maddison@Miller.com,579-290-1422,Johnson City,12103
831,Holly Diaz,Holly@Diaz.com,900-822-7030,Sioux Falls,16027
832,Brooke Clark,Brooke@Clark.com,906-818-3530,Coral Springs,33011
833,Brandon Turner,Brandon@Turner.com,369-495-8312,Moreno Valley,21067
834,Isla Evans,Isla@Evans.com,503-594-6968,Ocala,12103
835,George Jones,George@Jones.com,651-205-5790,Mauldin,18163
836,Jamie Allen,Jamie@Allen.com,718-718-4992,Escondido,48167
837,Jasmine Brown,Jasmine@Brown.com,350-948-2909,Glendale,24021
838,;Bethany Parker,;Bethany@Parker.com,305-603-5599,Sunnyvale,48113
839,Henry Johnson,Henry@Johnson.com,742-845-9204,East Los Angeles,12011
840,Samuel Anderson,Samuel@Anderson.com,781-523-9131,Miramar,12103
841,Eleanor Carter,Eleanor@Carter.com,655-333-7139,Binghamton,42069
842,Imogen Adams,Imogen@Adams.com,465-918-2719,Marysville,48113
843,JoshuaAlfie Smith,JoshuaAlfie@Smith.com,747-192-6356,Olathe,27145
844,Theo Lopez,Theo@Lopez.com,801-482-6446,Charleston,6083
845,Grace Gomez,Grace@Gomez.com,187-209-5879,Rochester,37025
846,Rosie Hernandez,Rosie@Hernandez.com,679-178-8099,Grand Prairie,6107
847,Sophia Robinson,Sophia@Robinson.com,759-582-3146,New Bedford,12127
848,Ruby Evans,Ruby@Evans.com,235-359-1962,Abilene,45019
849,Nathan Gomez,Nathan@Gomez.com,449-247-9250,Columbia,6059
850,Chloe Garcia,Chloe@Garcia.com,780-704-6301,Ontario,22109
851,Isabel Hall,Isabel@Hall.com,900-689-9353,Murfreesboro,6065
852,Scarlett Collins,Scarlett@Collins.com,275-158-9008,Temple,6095
853,Madison Allen,Madison@Allen.com,173-249-7501,Cary,51630
854,Grace Collins,Grace@Collins.com,477-276-8652,Arecibo,1125
855,Riley Adams,Riley@Adams.com,273-551-7311,Clovis,55087
856,Mohammed Miller,Mohammed@Miller.com,187-490-2514,Lafayette,50007
857,Archie Gomez,Archie@Gomez.com,984-396-6217,Rochester,22073
858,Daniel Edwards,Daniel@Edwards.com,642-792-8714,Topeka,9190
859,Isabelle Wilson,Isabelle@Wilson.com,165-146-2761,Topeka,6053
860,Leah Turner,Leah@Turner.com,782-625-6493,Gainesville,39099
861,Libby Anderson,Libby@Anderson.com,378-860-2184,Boulder,23005
862,Rosie Hall,Rosie@Hall.com,812-171-2460,Vancouver,13021
863,Ella Clark,Ella@Clark.com,792-268-8222,Carlsbad,19163
864,Mohammad Allen,Mohammad@Allen.com,346-376-7492,McKinney,39093
865,Keira Lewis,Keira@Lewis.com,677-120-6801,Norwich,55101
866,Finley Williams,Finley@Williams.com,278-562-1583,Round Rock,6053
867,Luke Hernandez,Luke@Hernandez.com,558-586-7644,Carolina,8069
868,Toby Garcia,Toby@Garcia.com,352-721-7581,Ontario,13139
869,Niamh Reyes,Niamh@Reyes.com,356-909-9379,West Jordan,12086
870,Alex Brown,Alex@Brown.com,329-312-5573,Waterbury,72005
871,Madison Smith,Madison@Smith.com,156-455-4544,Olympia,37051
872,Charlotte Jones,Charlotte@Jones.com,721-618-5678,Clarksville,39099
873,Riley Ramirez,Riley@Ramirez.com,918-663-9611,Orange,1125
874,Max Jones,Max@Jones.com,102-575-6228,Glendale,25005
875,Madison Mitchell,Madison@Mitchell.com,705-646-8695,Lake Charles,6111
876,Jacob Turner,Jacob@Turner.com,877-239-5881,Richmond,6037
877,Ava Roberts,Ava@Roberts.com,392-652-5548,Utica,27123
878,Amelie Sanchez,Amelie@Sanchez.com,888-940-8264,Olympia,48423
879,Charlotte Lewis,Charlotte@Lewis.com,962-176-4510,Athens,5143
880,Eleanor Smith,Eleanor@Smith.com,533-524-5059,Champaign,13021
881,Mohammad Smith,Mohammad@Smith.com,552-685-7431,Ontario,6059
882,Alex Garcia,Alex@Garcia.com,903-596-2684,Cambridge,30111
883,Matilda Baker,Matilda@Baker.com,994-383-6528,Abilene,4013
884,Lewis Phillips,Lewis@Phillips.com,288-997-6339,Salinas,29095
885,Toby Young,Toby@Young.com,251-272-6353,Fort Lauderdale,48441
886,Poppy Young,Poppy@Young.com,282-788-9815,Kalamazoo,20177
887,Ryan Gomez,Ryan@Gomez.com,416-133-3600,Panama City,18163
888,Thomas Parker,Thomas@Parker.com,769-677-3310,Olathe,19163
889,Sophia Garcia,Sophia@Garcia.com,615-421-6881,Waco,6019
890,Lola Reyes,Lola@Reyes.com,279-321-2430,Roseville,13059
891,Jamie Nelson,Jamie@Nelson.com,771-998-5080,Westminster,12033
892,Ashton Reyes,Ashton@Reyes.com,865-345-4441,Arecibo,26049
893,Sebastian Mitchell,Sebastian@Mitchell.com,479-626-8480,Clearwater,53035
894,Luca Turner,Luca@Turner.com,573-726-3470,Newport News,51013
895,Amelia Johnson,Amelia@Johnson.com,270-545-9599,High Point,36119
896,Joseph King,Joseph@King.com,120-540-6113,Gainesville,12099
897,Holly Smith,Holly@Smith.com,192-797-8580,Norman,6071
898,Erin Martinez,Erin@Martinez.com,786-985-7561,Midland,45083
899,Katie Brown,Katie@Brown.com,298-576-3814,Marysville,45083
900,Oscar Lewis,Oscar@Lewis.com,976-309-2822,Merced,37147
901,Hayden Wilson,Hayden@Wilson.com,871-172-4389,Miramar,42133
902,Mohammad Cruz,Mohammad@Cruz.com,453-549-2223,Thousand Oaks,37063
903,Maya King,Maya@King.com,557-895-6651,Simi Valley,6037
904,Isabel Wilson,Isabel@Wilson.com,125-266-8442,Racine,12011
905,Rebecca Lopez,Rebecca@Lopez.com,185-192-6047,Charleston,36065
906,Edward Jones,Edward@Jones.com,616-708-7921,Lynchburg,16027
907,Katie Baker,Katie@Baker.com,759-411-4093,Dover,6087
908,Amelie Nelson,Amelie@Nelson.com,115-941-7777,Brandon,8005
909,Kieran Collins,Kieran@Collins.com,774-735-6800,Lorain,16027
910,Riley Gomez,Riley@Gomez.com,533-661-3952,Santa Cruz,9190
911,Summer Collins,Summer@Collins.com,159-624-8861,Mauldin,8123
912,Alisha Miller,Alisha@Miller.com,220-671-1852,Lewisville,17201
913,Katie Evans,Katie@Evans.com,315-751-1445,North Charleston,6071
914,Rebecca Nelson,Rebecca@Nelson.com,333-961-2493,Roanoke,4013
915,Jayden Garcia,Jayden@Garcia.com,483-536-3448,Topeka,45045
916,Eva Walker,Eva@Walker.com,148-944-8842,Lehigh Acres,4027
917,Sophia Allen,Sophia@Allen.com,105-351-2778,Yonkers,6083
918,Poppy Mitchell,Poppy@Mitchell.com,432-491-4184,Duluth,48113
919,Connor Williams,Connor@Williams.com,726-449-1777,Lowell,72031
920,Dylan Nelson,Dylan@Nelson.com,707-817-3498,Charleston,37021
921,Alisha Allen,Alisha@Allen.com,610-591-4163,Bellingham,12083
922,Noah Clark,Noah@Clark.com,448-661-2958,Yuba City,26049
923,Jacob Collins,Jacob@Collins.com,601-808-3625,St. Cloud,40027
924,Libby Garcia,Libby@Garcia.com,687-537-1967,Binghamton,10001
925,Harry Baker,Harry@Baker.com,574-961-5623,Gainesville,12001
926,Adam Anderson,Adam@Anderson.com,656-314-4629,Gainesville,37021
927,JoshuaAlfie Sanchez,JoshuaAlfie@Sanchez.com,315-940-8045,Orange,12099
928,Daniel Evans,Daniel@Evans.com,321-100-5316,Nampa,26099
929,Harry Carter,Harry@Carter.com,132-347-8943,Orange,4013
930,Connor Edwards,Connor@Edwards.com,208-920-5837,Arecibo,22109
931,Ella Anderson,Ella@Anderson.com,471-300-3659,Burlington,45091
932,Madison Young,Madison@Young.com,702-447-1814,Salinas,2020
933,Amelie Davis,Amelie@Davis.com,630-104-5902,Sunnyvale,16027
934,Erin Gomez,Erin@Gomez.com,101-375-4639,Clearwater,17113
935,Ryan Wilson,Ryan@Wilson.com,995-155-6410,Carolina,12071
936,Finlay Evans,Finlay@Evans.com,532-345-4276,Olathe,12127
937,Ben Lopez,Ben@Lopez.com,958-984-4152,Fullerton,22073
938,Maisie Gomez,Maisie@Gomez.com,674-840-6613,Peoria,36119
939,Mohammad Evans,Mohammad@Evans.com,286-455-1291,Corona,32003
940,Kyle Collins,Kyle@Collins.com,139-670-9582,Harlingen,48479
941,Amy Harris,Amy@Harris.com,642-645-5774,Vallejo,16027
942,Georgia Jones,Georgia@Jones.com,528-847-9034,Alexandria,8059
943,Maisie Sanchez,Maisie@Sanchez.com,546-712-6416,Paradise,4013
944,Poppy Smith,Poppy@Smith.com,709-947-5732,Charleston,4013
945,Chloe Davis,Chloe@Davis.com,453-317-6618,Salinas,12073
946,Scarlett Parker,Scarlett@Parker.com,366-719-5843,Santa Maria,48085
947,Louis Hernandez,Louis@Hernandez.com,237-916-5850,Nampa,37025
948,Pheobe Lewis,Pheobe@Lewis.com,671-735-8284,Saginaw,32003
949,Lacey Garcia,Lacey@Garcia.com,390-596-9271,College Station,12099
950,Isabel Turner,Isabel@Turner.com,155-368-4120,Cambridge,8123
951,Reece Lopez,Reece@Lopez.com,486-191-2756,Huntington,45083
952,Amy Phillips,Amy@Phillips.com,613-402-6290,Houma,48113
953,Evie Smith,Evie@Smith.com,984-942-5400,Visalia,12011
954,Lexi Martinez,Lexi@Martinez.com,781-595-1852,Redding,53033
955,Harry Ramirez,Harry@Ramirez.com,579-455-7102,Lancaster,13245
956,Charlie Turner,Charlie@Turner.com,134-881-1415,McKinney,20177
957,Abigail Reyes,Abigail@Reyes.com,700-608-5535,Burlington,37067
958,Daniel Harris,Daniel@Harris.com,803-210-9401,Abilene,6095
959,Paige Edwards,Paige@Edwards.com,581-259-4716,Kailua,48355
960,Harrison Allen,Harrison@Allen.com,862-645-1583,Fort Lauderdale,4013
961,Harley Reyes,Harley@Reyes.com,122-502-6460,Lewisville,17197
962,;Bethany Adams,;Bethany@Adams.com,602-783-3001,Monroe,27123
963,Imogen Clark,Imogen@Clark.com,766-160-2454,Burlington,42133
964,Louis Ramirez,Louis@Ramirez.com,547-218-3255,Athens,48113
965,Ruby Jones,Ruby@Jones.com,775-320-8533,Amarillo,12071
966,Madison Reyes,Madison@Reyes.com,441-594-7474,Racine,6059
967,Isobel Evans,Isobel@Evans.com,989-781-9851,Norwich,6071
968,Daisy Parker,Daisy@Parker.com,178-259-7629,Evansville,8001
969,Harry Turner,Harry@Turner.com,629-966-3955,Murfreesboro,37021
970,Alisha Campbell,Alisha@Campbell.com,158-373-8716,Alexandria,32003
971,Amy Garcia,Amy@Garcia.com,729-241-7447,Boulder,6095
972,Elizabeth Allen,Elizabeth@Allen.com,424-568-3224,Lafayette,6071
973,Lily Wilson,Lily@Wilson.com,807-301-7290,Paterson,48113
974,Libby Phillips,Libby@Phillips.com,539-715-5742,Tuscaloosa,51710
975,Jamie Reyes,Jamie@Reyes.com,636-179-8691,Redding,42011
976,Theo Rivera,Theo@Rivera.com,315-536-9025,Burlington,47065
977,Oscar Jones,Oscar@Jones.com,566-796-3766,Escondido,41047
978,Ethan Lewis,Ethan@Lewis.com,175-353-4324,Orange,17167
979,Isla Allen,Isla@Allen.com,862-607-4534,Pasadena,6065
980,Max Robinson,Max@Robinson.com,414-874-6825,Hickory,48329
981,Kieran Martinez,Kieran@Martinez.com,644-720-4444,Tempe,26099
982,Kyle Lopez,Kyle@Lopez.com,562-696-9160,Lehigh Acres,19163
983,Mia Collins,Mia@Collins.com,955-943-8477,Evansville,48355
984,William Harris,William@Harris.com,550-333-4003,Ponce,53053
985,Anna Adams,Anna@Adams.com,551-958-7629,Fort Smith,17113
986,David Parker,David@Parker.com,275-616-3156,Midland,6065
987,Leo Diaz,Leo@Diaz.com,711-716-3967,Moreno Valley,22073
988,Isabelle Turner,Isabelle@Turner.com,629-114-3754,Vallejo,6099
989,Kai Brown,Kai@Brown.com,523-750-9794,Murfreesboro,6101
990,Amelie Clark,Amelie@Clark.com,240-277-3222,Yuba City,4013
991,Jessica Roberts,Jessica@Roberts.com,638-277-6094,Frisco,34017
992,Thomas King,Thomas@King.com,649-705-6134,Kent,48039
993,Aaron Robinson,Aaron@Robinson.com,610-510-6080,Hagerstown,4013
994,Isabel Sanchez,Isabel@Sanchez.com,168-270-4410,Fort Smith,31109
995,Noah Hernandez,Noah@Hernandez.com,542-406-7565,Hickory,26145
996,Isabel Lopez,Isabel@Lopez.com,143-455-8741,Cary,42071
997,Amelia Campbell,Amelia@Campbell.com,116-406-7188,Bellingham,20177
998,Caitlin Cruz,Caitlin@Cruz.com,235-125-9095,Stamford,28047
999,Emily Jones,Emily@Jones.com,425-791-3719,Gainesville,6037
1000,Mohammed Harris,Mohammed@Harris.com,656-330-2708,Muskegon,30111
1001,Jack Clark,Jack@Clark.com,329-313-2248,Monroe,37081
1002,Aaron Allen,Aaron@Allen.com,391-394-4869,Harlingen,6059
1003,Alex Evans,Alex@Evans.com,127-688-2901,Brownsville,4013
1004,Harley Nelson,Harley@Nelson.com,679-116-7348,Sunnyvale,42011
1005,William Nelson,William@Nelson.com,525-998-5273,Joliet,53033
1006,Henry Nelson,Henry@Nelson.com,869-520-8779,Medford,34039
1007,Zara Gomez,Zara@Gomez.com,793-257-7331,Bellevue,72013
1008,Lucas Davis,Lucas@Davis.com,299-299-7517,Warren,12127
1009,Daisy Garcia,Daisy@Garcia.com,799-998-3518,Spring Valley,6111
1010,Anna Rodriguez,Anna@Rodriguez.com,564-117-2143,Hickory,32003
1011,Emily Rodriguez,Emily@Rodriguez.com,491-257-5768,Billings,13139
1012,Harley Martinez,Harley@Martinez.com,782-628-8195,Garden Grove,27137
1013,Kai Martinez,Kai@Martinez.com,799-728-4797,Kailua,1097
1014,Lacey King,Lacey@King.com,137-460-1404,Ponce,6071