ID,Name,Gender,Qualification
1,Mark P. O. Morford,M,PhD
2,Richard Bruce Wright,M,PhD
3,Carlo D'Este,M,PhD
4,Gina Bari Kolata,M,PhD
5,E. J. W. Barber,M,PhD
6,Amy Tan,M,PhD
7,Robert Cowley,M,PhD
8,Scott Turow,M,PhD
9,David Cordingly,M,PhD
10,Ann Beattie,M,PhD
11,David Adams Richards,M,PhD
12,Adam Lebor,M,PhD
13,Sheila Heti,M,PhD
14,R. J. Kaiser,M,PhD
15,Jack Canfield,M,PhD
16,Loren D. Estleman,M,PhD
17,Robert Hendrickson,M,PhD
18,Julia Oliver,M,PhD
19,John Grisham,M,PhD
20,Toni Morrison,M,PhD
21,The Onion,M,PhD
22,Celia Brooks Brown,M,PhD
23,J. R. Parrish,M,PhD
24,Mary-Kate &amp; Ashley Olsen,M,PhD
25,Robynn Clairday,M,PhD
26,Kathleen Duey,M,PhD
27,Rich Shapero,M,PhD
28,Michael Crichton,M,PhD
29,C.S. Lewis,M,PhD
30,ARTHUR PHILLIPS,M,PhD
31,Stephan Jaramillo,M,PhD
32,Mordecai Richler,M,PhD
33,Eleanor Cooney,M,PhD
34,Charlotte Link,M,PhD
35,Richard North Patterson,M,PhD
36,Mark Salzman,M,PhD
37,Harper Lee,M,PhD
38,LAURA HILLENBRAND,M,PhD
39,Barbara Kingsolver,M,PhD
40,Jo Dereske,M,PhD
41,Jane Austen,M,PhD
42,Dolores Krieger,M,PhD
43,Anne Rivers Siddons,M,PhD
44,Dean R. Koontz,M,PhD
45,Mary Higgins Clark,M,PhD
46,Dean Koontz,M,PhD
47,Patricia Cornwell,M,PhD
48,J.D. Robb,M,PhD
49,Maeve Binchy,M,PhD
50,Laura J. Mixon,M,PhD
51,Tim Lahaye,M,PhD
52,M.D. Bernie S. Siegel,M,PhD
53,Robert Penn Warren,M,PhD
54,Hans Johannes Hoefer,M,PhD
55,Mark Helprin,M,PhD
56,O. Carol Simonton Md,M,PhD
57,Chuck Hill,M,PhD
58,David Iglehart,M,PhD
59,Larry McMurtry,M,PhD
60,SUZANNE FISHER STAPLES,M,PhD
61,Michel Tournier,M,PhD
62,Carl Sagan,M,PhD
63,Aleksandr Zinoviev,M,PhD
64,Anne Tyler,M,PhD
65,Joseph Conrad,M,PhD
66,Deepak Chopra,M,PhD
67,Thomas Hardy,M,PhD
68,Charles Noland,M,PhD
69,Valerie Frankel,M,PhD
70,Benjamin Hoff,M,PhD
71,Niccolo Machiavelli,M,PhD
72,H. Jackson Brown,M,PhD
73,Robert A. Heinlein,M,PhD
74,PHILIP PULLMAN,M,PhD
75,Anna Sewell,M,PhD
76,MICHAEL ONDAATJE,M,PhD
77,Sandra Levy Ceren,M,PhD
78,P.J. O'Rourke,M,PhD
79,Mike Gayle,M,PhD
80,Stel Pavlou,M,PhD
81,Sarah Payne Stuart,M,PhD
82,Dan Quayle,M,PhD
83,Donald F. Kettl,M,PhD
84,DAVID FRUM,M,PhD
85,Louis Lamour,M,PhD
86,J.D. Salinger,M,PhD
87,J. R. R. Tolkien,M,PhD
88,John Berendt,M,PhD
89,Jennifer Crusie,M,PhD
90,Jane Heller,M,PhD
91,Michael Rips,M,PhD
92,Simon Mawer,M,PhD
93,William Abrahams,M,PhD
94,Robert T. Kiyosaki,M,PhD
95,Ken Follett,M,PhD
96,John F. Love,M,PhD
97,Robert G. Allen,M,PhD
98,LOUIS DE BERNIERES,M,PhD
99,Pam Proctor,M,PhD
100,Mitch Albom,M,PhD
101,Irene Gonzalez Frei,M,PhD
102,Michael Jan Friedman,M,PhD
103,Glendon Swarthout,M,PhD
104,Neal Barrett Jr.,M,PhD
105,David Morrell,M,PhD
106,Sandra Brown,M,PhD
107,James Patterson,M,PhD
108,Stuart Woods,M,PhD
109,IRIS JOHANSEN,M,PhD
110,Dan Brown,M,PhD
111,Joe Hutsko,M,PhD
112,Anita Shreve,M,PhD
113,Ann Rule,M,PhD
114,LEWIS GRIZZARD,M,PhD
115,Paul Theroux,M,PhD
116,Charles Hickey,M,PhD
117,Stephen King,M,PhD
118,Ben Mezrich,M,PhD
119,Bill Hand,M,PhD
120,Tom Clancy,M,PhD
121,DANA REEVE,M,PhD
122,Roy,M,PhD
123,Barbara Metzger,M,PhD
124,Gabriel Garcia Marquez,M,PhD
125,Rebecca Wells,M,PhD
126,Tony Hillerman,M,PhD
127,Robert James Waller,M,PhD
128,Rachel Harris,M,PhD
129,IAN MCEWAN,M,PhD
130,Michael Lewis,M,PhD
131,Richard Zimler,M,PhD
132,Norman Jetmundsen,M,PhD
133,Lorenzo Carcaterra,M,PhD
134,Anne Frasier,M,PhD
135,Kay Hooper,M,PhD
136,Soren Kierkegaard,M,PhD
137,Jose Ortega Y Gaset,M,PhD
138,Daphne Du Maurier,M,PhD
139,Nathaniel Hawthorne,M,PhD
140,Nick Page,M,PhD
141,Laura Wolf,M,PhD
142,LOIS DUNCAN,M,PhD
143,Susan Grant,M,PhD
144,Barbara Vine,M,PhD
145,Shirley Rousseau Murphy,M,PhD
146,Jane Lindskold,M,PhD
147,Betty Smith,M,PhD
148,Cybill Shepherd,M,PhD
149,Stewart O'Nan,M,PhD
150,David Baldacci,M,PhD
151,Douglas Adams,M,PhD
152,Mary Lawson,M,PhD
153,Willa Cather,M,PhD
154,Olivia Goldsmith,M,PhD
155,Helen Fielding,M,PhD
156,Franklin W. Dixon,M,PhD
157,Lilian Jackson Braun,M,PhD
158,Holly Virden,M,PhD
159,H. Norman Wright,M,PhD
160,Piers Anthony,M,PhD
161,RAY BRADBURY,M,PhD
162,Schiller,M,PhD
163,Raymond Chandler,M,PhD
164,Paolo Coelho,M,PhD
165,Fay Weldon,M,PhD
166,Arabella Weir,M,PhD
167,Kiana Davenport,M,PhD
168,Sue Townsend,M,PhD
169,Renan Demirkan,M,PhD
170,Michael Moore,M,PhD
171,Jonathan Franzen,M,PhD
172,Jerome D. Salinger,M,PhD
173,James Joyce,M,PhD
174,Joanna Trollope,M,PhD
175,Milan Kundera,M,PhD
176,Arundhati Roy,M,PhD
177,Robert S. Levinson,M,PhD
178,Lorna Landvik,M,PhD
179,Arthur Golden,M,PhD
180,KENT HARUF,M,PhD
181,Patricia D. Cornwell,M,PhD
182,Carol J. Farley,M,PhD
183,Kathleen E. Woodiwiss,M,PhD
184,Belva Plain,M,PhD
185,MARK HADDON,M,PhD
186,ANN BRASHARES,M,PhD
187,Erich Segal,M,PhD
188,Elizabeth Adler,M,PhD
189,Nicholas Sparks,M,PhD
190,JOHN SAUL,M,PhD
191,Steve Thayer,M,PhD
192,Tracy Chevalier,M,PhD
193,Judith Kelman,M,PhD
194,Michael Palmer,M,PhD
195,Francine Hughes,M,PhD
196,Norman Bridwell,M,PhD
197,Frank McCourt,M,PhD
198,Malachy McCourt,M,PhD
199,Mari Sandoz,M,PhD
200,Anne Perry,M,PhD
201,ALEXANDER MCCALL SMITH,M,PhD
202,Gregory Maguire,M,PhD
203,Yann Martel,M,PhD
204,Ruth Rendell,M,PhD
205,Al Franken,M,PhD
206,DONNA TARTT,M,PhD
207,John Milne,M,PhD
208,Terry Pratchett,M,PhD
209,E. B. White,M,PhD
210,J. M. Barrie,M,PhD
211,Mary O'Hara,M,PhD
212,Louise Rennison,M,PhD
213,Kenneth Grahame,M,PhD
214,Bernard Cornwell,M,PhD
215,Charles de Lint,M,PhD
216,Edward John Moreton Drax Plunkett Dunsany,M,PhD
217,Georgette Heyer,M,PhD
218,OSCAR WILDE,M,PhD
219,Ted Hughes,M,PhD
220,ROALD DAHL,M,PhD
221,Donna Jo Napoli,M,PhD
222,A. S. Byatt,M,PhD
223,Tanuja Desai Hidier,M,PhD
224,SOPHIE KINSELLA,M,PhD
225,Isabel Wolff,M,PhD
226,Louisa May Alcott,M,PhD
227,George Orwell,M,PhD
228,Charles Dickens,M,PhD
229,Isabel Allende,M,PhD
230,Ellen Datlow,M,PhD
231,A.S. BYATT,M,PhD
232,Joseph Heller,M,PhD
233,John Galsworthy,M,PhD
234,Enid Blyton,M,PhD
235,Neil Gaiman,M,PhD
236,Alan Moore,M,PhD
237,Trudy Suggs,M,PhD
238,Tom Wolfe,M,PhD
239,Brady Udall,M,PhD
240,Homer Hickam,M,PhD
241,Pearl Abraham,M,PhD
242,Sebastian Junger,M,PhD
243,Karen Armstrong,M,PhD
244,Mary Barnard,M,PhD
245,David Brin,M,PhD
246,T. Coraghessan Boyle,M,PhD
247,Paul Woodruff,M,PhD
248,Lynda Madaras,M,PhD
249,Stephen McCauley,M,PhD
250,Isabelle Holland,M,PhD
251,Pam Conrad,M,PhD
252,Lurlene McDaniel,M,PhD
253,Brian Kaufman,M,PhD
254,John Darnton,M,PhD
255,Martin Schenk,M,PhD
256,DAVID EDDINGS,M,PhD
257,Paul Reiser,M,PhD
258,David G. Hartwell,M,PhD
259,Dave Barry,M,PhD
260,John R. Holt,M,PhD
261,Theodore Beale,M,PhD
262,Frank M. Robinson,M,PhD
263,Mary Jane Clark,M,PhD
264,Mary Wollstonecraft Shelley,M,PhD
265,Isabel-Clara Simó,M,PhD
266,Robert Westall,M,PhD
267,Robert B. Parker,M,PhD
268,Rita Chapman Works,M,PhD
269,A. Manette Ansay,M,PhD
270,Sarah Waters,M,PhD
271,Anne Frank,M,PhD
272,Barry Lopez,M,PhD
273,Greg Palast,M,PhD
274,Andrea Kane,M,PhD
275,Nevada Barr,M,PhD
276,Paul Auster,M,PhD
277,Margaret Maron,M,PhD
278,EDNA BARKER,M,PhD
279,Muriel Whitaker,M,PhD
280,John Irving,M,PhD
281,Golding,M,PhD
282,HarperReference,M,PhD
283,LTD,M,PhD
284,Ann Patchett,M,PhD
285,Sue Monk Kidd,M,PhD
286,Bob Thiele,M,PhD
287,Colleen McCullough,M,PhD
288,Joanne Harris,M,PhD
289,Thomas Cahill,M,PhD
290,Michael Hudson,M,PhD
291,Jane Smiley,M,PhD
292,Dick Francis,M,PhD
293,Nora Roberts,M,PhD
294,Jean Marzollo,M,PhD
295,Walter Wick,M,PhD
296,Barbara Delinsky,M,PhD
297,P. D. James,M,PhD
298,Arthur William Upfield,M,PhD
299,Christopher Rice,M,PhD
300,Rex Stout,M,PhD
301,Joan Anderson,M,Undergraduate
302,Vance Havner,M,Undergraduate
303,Warren W. Wiersbe,M,Undergraduate
304,Max Lucado,M,Undergraduate
305,Lawrence J Crabb,M,Undergraduate
306,Barry Neil Kaufman,M,Undergraduate
307,Bob Sjogren,M,Undergraduate
308,Frederick J. Moody,M,Undergraduate
309,Neal Pirolo,M,Undergraduate
310,William Sleator,M,Undergraduate
311,Antoine de Saint-Exupéry,M,Undergraduate
312,Richard Bach,M,Undergraduate
313,Kevin Sullivan,M,Undergraduate
314,Michele Morgan,M,Undergraduate
315,"Scott, Cunningham",M,Undergraduate
316,David Allen Hulse,M,Undergraduate
317,Richard Webster,M,Undergraduate
318,Bernard King,M,Undergraduate
319,Pat Hutchins,M,Undergraduate
320,William Shakespeare,M,Undergraduate
321,Melissa McClone,M,Undergraduate
322,Cheryl St. John,M,Undergraduate
323,Lewis Carroll,M,Undergraduate
324,Mark Twain,M,Undergraduate
325,Dog Mary Crow,M,Undergraduate
326,Linda Gordon,M,Undergraduate
327,Florence King,M,Undergraduate
328,Alice Sebold,M,Undergraduate
329,Spalding Gray,M,Undergraduate
330,Thomas Harris,M,Undergraduate
331,EDWARD RUTHERFURD,M,Undergraduate
332,Margaret Atwood,M,Undergraduate
333,Dorothy Allison,M,Undergraduate
334,MAYA ANGELOU,M,Undergraduate
335,Edith Wharton,M,Undergraduate
336,Mary Brave Bird,M,Undergraduate
337,John G. Neihardt,M,Undergraduate
338,Roland Warren,M,Undergraduate
339,Johnny Molloy,M,Undergraduate
340,James McCourt,M,Undergraduate
341,Elizabeth Wurtzel,M,Undergraduate
342,Bill Bradley,M,Undergraduate
343,Don Miguel Ruiz,M,Undergraduate
344,Luis Racionero,M,Undergraduate
345,Eugeni Perea Simón,M,Undergraduate
346,Thomas Hauser,M,Undergraduate
347,Vicenç Villatoro,M,Undergraduate
348,Víctor Mora,M,Undergraduate
349,Elena Castedo,M,Undergraduate
350,Ofèlia Dracs,M,Undergraduate
351,Antoni Serra,M,Undergraduate
352,M. Carme Junyent,M,Undergraduate
353,Jaume Capó,M,Undergraduate
354,Màrius Serra,M,Undergraduate
355,Ferran Torrent,M,Undergraduate
356,Joan Agut,M,Undergraduate
357,Carmen Rico-Godoy,M,Undergraduate
358,Maria Jaén,M,Undergraduate
359,Paul Lester,M,Undergraduate
360,Leo Tolstoy,M,Undergraduate
361,Simon Nye,M,Undergraduate
362,Robert A Johnson,M,Undergraduate
363,Horacio Vazquez-Rial,M,Undergraduate
364,Marc Gascoigne,M,Undergraduate
365,Stephanie Maze,M,Undergraduate
366,Sandra Dallas,M,Undergraduate
367,Anne McCaffrey,M,Undergraduate
368,David Gemmell,M,Undergraduate
369,Laura Zigman,M,Undergraduate
370,Margaret Truman,M,Undergraduate
371,Nic Kynaston,M,Undergraduate
372,Paula Danziger,M,Undergraduate
373,Richard A. Lupoff,M,Undergraduate
374,Carrie Bebris,M,Undergraduate
375,Ellen Carol Dubois,M,Undergraduate
376,Candice F. Ransom,M,Undergraduate
377,Sam Bobrick,M,Undergraduate
378,Donna K Grosvenor,M,Undergraduate
379,Valerie Block,M,Undergraduate
380,Luanne Rice,M,Undergraduate
381,Ellen Gilchrist,M,Undergraduate
382,TIM GAUTREAUX,M,Undergraduate
383,Richard Russo,M,Undergraduate
384,Jostein Gaarder,M,Undergraduate
385,ANNA QUINDLEN,M,Undergraduate
386,Diane Johnson,M,Undergraduate
387,Wally Lamb,M,Undergraduate
388,Adeline Yen Mah,M,Undergraduate
389,Barbara Ehrenreich,M,Undergraduate
390,DOROTHY DUNNETT,M,Undergraduate
391,JOHN LE CARRE,M,Undergraduate
392,A. C. Gordon,M,Undergraduate
393,Emily Dickinson,M,Undergraduate
394,Hazel Harrison,M,Undergraduate
395,Joseph Girzone,M,Undergraduate
396,Lorraine Anderson,M,Undergraduate
397,AD HUDLER,M,Undergraduate
398,Josephine Carlton,M,Undergraduate
399,Ted L. Nancy,M,Undergraduate
400,Francis Wheen,M,Undergraduate
401,Joyce Reardon,M,Undergraduate
402,Sidney Sheldon,M,Undergraduate
403,Christopher Moore,M,Undergraduate
404,Robert Lacey,M,Undergraduate
405,Tim Dorsey,M,Undergraduate
406,JODI COMPTON,M,Undergraduate
407,Elmore Leonard,M,Undergraduate
408,Lynn Coady,M,Undergraduate
409,John Lawton,M,Undergraduate
410,Eileen Yin-Fei Lo,M,Undergraduate
411,Tilden H. Edwards,M,Undergraduate
412,Vikram Seth,M,Undergraduate
413,Elizabeth Gaskell,M,Undergraduate
414,Anita Diamant,M,Undergraduate
415,Lauren Haney,M,Undergraduate
416,Gerald Stern,M,Undergraduate
417,Patricia Daniels Cornwell,M,Undergraduate
418,Martha Grimes,M,Undergraduate
419,Henry James,M,Undergraduate
420,Sarah Orne Jewett,M,Undergraduate
421,William Carlos Williams,M,Undergraduate
422,Anthony Trollope,M,Undergraduate
423,Harry Kemelman,M,Undergraduate
424,Mil Millington,M,Undergraduate
425,Suzanne G. Farnham,M,Undergraduate
426,Czeslaw Milosz,M,Undergraduate
427,Margaret Guenther,M,Undergraduate
428,Roberto Juarroz,M,Undergraduate
429,Akiba Rubinstein,M,Undergraduate
430,Emma McLaughlin,M,Undergraduate
431,P Coelho,M,Undergraduate
432,Elena Ferrante,M,Undergraduate
433,Paul Jennings,M,Undergraduate
434,"Mark E., Jr. Neely",M,Undergraduate
435,Stephen J. Weininger,M,Undergraduate
436,Larry Katzenstein,M,Undergraduate
437,David Steinman,M,Undergraduate
438,Alfie Kohn,M,Undergraduate
439,Paula Polk Lillard,M,Undergraduate
440,David Lewis,M,Undergraduate
441,Billie Livingston,M,Undergraduate
442,Adele Lang,M,Undergraduate
443,Jen Banbury,M,Undergraduate
444,Catherine Coulter,M,Undergraduate
445,Dominick Dunne,M,Undergraduate
446,Clive Cussler,M,Undergraduate
447,John Pascal,M,Undergraduate
448,Carl Hiaasen,M,Undergraduate
449,Jonathan Safran Foer,M,Undergraduate
450,Francesca Marciano,M,Undergraduate
451,JULIA GLASS,M,Undergraduate
452,Tawni O'Dell,M,Undergraduate
453,Jennifer Weiner,M,Undergraduate
454,Danielle Steel,M,Undergraduate
455,Leon Hale,M,Undergraduate
456,Russell Banks,M,Undergraduate
457,Samuel Taylor Coleridge,M,Undergraduate
458,Bradley Warshauer,M,Undergraduate
459,Bobbie Ann Mason,M,Undergraduate
460,Karen Robards,M,Undergraduate
461,Emma Lathen,M,Undergraduate
462,Faye Kellerman,M,Undergraduate
463,Jacquelyn Mitchard,M,Undergraduate
464,DIANE MOTT DAVIDSON,M,Undergraduate
465,Candace Bushnell,M,Undergraduate
466,KRISTIN HANNAH,M,Undergraduate
467,Michael Marshall,M,Undergraduate
468,Allen Widome,M,Undergraduate
469,Wilbur Smith,M,Undergraduate
470,Mike Thaler,M,Undergraduate
471,Michael Slade,M,Undergraduate
472,John Sandford,M,Undergraduate
473,TAMI HOAG,M,Undergraduate
474,Ted Dekker,M,Undergraduate
475,Angela Elwell Hunt,M,Undergraduate
476,C. S. Lewis,M,Undergraduate
477,William Eisner,M,Undergraduate
478,Robin Cook,M,Undergraduate
479,E. LYNN HARRIS,M,Undergraduate
480,Linda Goodman,M,Undergraduate
481,ANNE RICE,M,Undergraduate
482,Judith Rossner,M,Undergraduate
483,Marilyn French,M,Undergraduate
484,Wayne W. Dyer,M,Undergraduate
485,Armistead Maupin,M,Undergraduate
486,Julie Morgenstern,M,Undergraduate
487,Peter Straub,M,Undergraduate
488,Jack,M,Undergraduate
489,Barbara Taylor Bradford,M,Undergraduate
490,Lisa Jackson,M,Undergraduate
491,SHARYN MCCRUMB,M,Undergraduate
492,Cokie Roberts,M,Undergraduate
493,Shana Corey,M,Undergraduate
494,Jesse S. Ostrow,M,Undergraduate
495,Justine Korman,M,Undergraduate
496,PATRICIA REILLY GIFF,M,Undergraduate
497,Beverly Cleary,M,Undergraduate
498,K. A. Applegate,M,Undergraduate
499,Jane Yolen,M,Undergraduate
500,Dinah L. Moche,M,Undergraduate
501,Marvin Miller,M,Undergraduate
502,Craig Boldman,M,Undergraduate
503,H. G. Wells,M,Undergraduate
504,Bobbie Kalman,M,Undergraduate
505,Mercedes Lackey,M,Undergraduate
506,Dorothy Gilman,M,Undergraduate
507,Moveon,M,Undergraduate
508,Christopher Finch,M,Undergraduate
509,CHARLES FRAZIER,M,Undergraduate
510,Julia Spencer-Fleming,M,Undergraduate
511,Fannie Flagg,M,Undergraduate
512,Laura Ingall Wilder,M,Undergraduate
513,LISA GARDNER,M,Undergraduate
514,Gertrude Chandler Warner,M,Undergraduate
515,Lynn S. Hightower,M,Undergraduate
516,Eric Schlosser,M,Undergraduate
517,Suzanne Brockmann,M,Undergraduate
518,Gail Carson Levine,M,Undergraduate
519,FRANCES KUFFEL,M,Undergraduate
520,Susan Conant,M,Undergraduate
521,DAVID SCHICKLER,M,Undergraduate
522,Judith McNaught,M,Undergraduate
523,Janet Evanovich,M,Undergraduate
524,Sylvia Plath,M,Undergraduate
525,Ilona Koidahl,M,Undergraduate
526,Fern Michaels,M,Undergraduate
527,Betsy Byars,M,Undergraduate
528,Bruce Sterling,M,Undergraduate
529,Sarah Ban Breathnach,M,Undergraduate
530,Alice Hoffman,M,Undergraduate
531,Lisa Scottoline,M,Undergraduate
532,Spencer Johnson,M,Undergraduate
533,David Feldman,M,Undergraduate
534,Richard Bausch,M,Undergraduate
535,Katie Fforde,M,Undergraduate
536,James Burke,M,Undergraduate
537,Bliss Broyard,M,Undergraduate
538,Sara Paretsky,M,Undergraduate
539,Charles Webb,M,Undergraduate
540,Elizabeth Benedict,M,Undergraduate
541,Stanley Morison,M,Undergraduate
542,Henry Miller,M,Undergraduate
543,David Whyte,M,Undergraduate
544,Warren  Bennis,M,Undergraduate
545,Martha Beck,M,Undergraduate
546,Desmond Mpilo Tutu,M,Undergraduate
547,Kris Shepard,M,Undergraduate
548,Jack Kerouac,M,Undergraduate
549,Martin Buber,M,Undergraduate
550,Niccolò Machiavelli,M,Undergraduate
551,Gianfranco Bettin,M,Undergraduate
552,Paul Monette,M,Undergraduate
553,Ernest Hemingway,M,Undergraduate
554,Melody Carlson,M,Undergraduate
555,Alisa Kwitney,M,Undergraduate
556,Billie Letts,M,Undergraduate
557,Melissa Bank,M,Undergraduate
558,Rena Kornreich Gelissen,M,Undergraduate
559,Moon Unit Zappa,M,Undergraduate
560,Ted Mooney,M,Undergraduate
561,Susan Wiggs,M,Undergraduate
562,Gwyn Hyman Rubio,M,Undergraduate
563,Elisabeth Robinson,M,Undergraduate
564,Audrey Niffenegger,M,Undergraduate
565,Tim Farrington,M,Undergraduate
566,Chaim Potok,M,Undergraduate
567,Scott Spencer,M,Undergraduate
568,V. S. Naipaul,M,Undergraduate
569,V.S. Naipaul,M,Undergraduate
570,Jean Giono,M,Undergraduate
571,Alain-Fournier,M,Undergraduate
572,Erich Maria Remarque,M,Undergraduate
573,Lewis,M,Undergraduate
574,Rene Barjavel,M,Undergraduate
575,Alexandra David-N�?©el,M,Undergraduate
576,C. Baudelaire,M,Undergraduate
577,Raymond Radiguet,M,Undergraduate
578,Emile Zola,M,Undergraduate
579,Pergaud,M,Undergraduate
580,Collectif,M,Undergraduate
581,Sten Nadolny,M,Undergraduate
582,Cheryl Benard,M,Undergraduate
583,Christa Wichterich,M,Undergraduate
584,John. Blofeld,M,Undergraduate
585,Christine Obbo,M,Undergraduate
586,Peter B Heim,M,Undergraduate
587,Hera Lind,M,Undergraduate
588,Jane Hamilton,M,Undergraduate
589,Jack Higgins,M,Undergraduate
590,Max Allan Collins,M,Undergraduate
591,David Guterson,M,Undergraduate
592,Bernhard Schlink,M,Undergraduate
593,Eric Jerome Dickey,M,Undergraduate
594,Patricia Gaffney,M,Undergraduate
595,Richard Paul Evans,M,Undergraduate
596,Marc Levy,M,Undergraduate
597,Laney Katz Becker,M,Undergraduate
598,VLADIMIR NABOKOV,M,Undergraduate
599,Jennifer Lauck,M,Undergraduate
600,Joe Keenan,M,Undergraduate
601,Jeanne Ray,M,Undergraduate
602,Tony Parsons,M,Undergraduate
603,Jane McCafferty,M,Undergraduate
604,Laura Esquivel,M,Undergraduate
605,J.R.R. TOLKIEN,M,Undergraduate
606,Venise T. Berry,M,Undergraduate
607,Jan Karon,M,Undergraduate
608,Cormac McCarthy,M,Undergraduate
609,Travis Thrasher,M,Undergraduate
610,John McEnroe,M,Undergraduate
611,Sally Mandel,M,Undergraduate
612,Linda Lay Shuler,M,Undergraduate
613,Janet Dailey,M,Undergraduate
614,Claude Lanzmann,M,Undergraduate
615,Lemony Snicket,M,Undergraduate
616,Matthew Thomas,M,Undergraduate
617,Boris Vian,M,Undergraduate
618,Luis Sep�?ºlveda,M,Undergraduate
619,Hubert Selby,M,Undergraduate
620,Jacob Weisberg,M,Undergraduate
621,David Lodge,M,Undergraduate
622,Judy Hamilton,M,Undergraduate
623,Philip Ardagh,M,Undergraduate
624,Iain Banks,M,Undergraduate
625,David Crombie,M,Undergraduate
626,John Steinbeck,M,Undergraduate
627,Michael O'Mara,M,Undergraduate
628,Richard Brassey,M,Undergraduate
629,Jean Van Hamme,M,Undergraduate
630,R. W. Holder,M,Undergraduate
631,Valerie Ferguson,M,Undergraduate
632,Bernard Werber,M,Undergraduate
633,Andy Sloss,M,Undergraduate
634,ALLAN ZOLA KRONZEK,M,Undergraduate
635,Charles L. Squire,M,Undergraduate
636,Gordon Jarvie,M,Undergraduate
637,Alan Spence,M,Undergraduate
638,Helene Siegel,M,Undergraduate
639,E.H. Shepard,M,Undergraduate
640,Alan Alexander Milne,M,Undergraduate
641,Eric Thompson,M,Undergraduate
642,Elizabeth Strout,M,Undergraduate
643,David Sedaris,M,Undergraduate
644,Leslie Feinberg,M,Undergraduate
645,Chris Anne Wolfe,M,Undergraduate
646,Lauren Sanders,M,Undergraduate
647,Gael Baudino,M,Undergraduate
648,Lauren Maddison,M,Undergraduate
649,Carol Anshaw,M,Undergraduate
650,Jean Stewart,M,Undergraduate
651,Emma Donoghue,M,Undergraduate
652,Deborah McDowell,M,Undergraduate
653,Karen X. Tulchinsky,M,Undergraduate
654,Jill Thompson,M,Undergraduate
655,Jody Seay,M,Undergraduate
656,Manda Scott,M,Undergraduate
657,Jeff Foxworthy,M,Undergraduate
658,Terry Brooks,M,Undergraduate
659,A.C. Crispin,M,Undergraduate
660,A. C. Crispin,M,Undergraduate
661,Madelyn Arnold,M,Undergraduate
662,Tamora Pierce,M,Undergraduate
663,Carolyn Chute,M,Undergraduate
664,Sara Orwig,M,Undergraduate
665,Melisa Michaels,M,Undergraduate
666,Isobel Bird,M,Undergraduate
667,Frederik Pohl,M,Undergraduate
668,VONDA MCINTYRE,M,Undergraduate
669,John Varley,M,Undergraduate
670,Nancy Garden,M,Undergraduate
671,Nicola Griffith,M,Undergraduate
672,Julie Campbell,M,Undergraduate
673,LEE SMITH,M,Undergraduate
674,JACQUELINE WOODSON,M,Undergraduate
675,Pat Head Summitt,M,Undergraduate
676,Richard Belzer,M,Undergraduate
677,Nick Hornby,M,Undergraduate
678,Andrew L. Johnson,M,Undergraduate
679,Marian Babson,M,Undergraduate
680,W. Michael Gear,M,Undergraduate
681,Paul Phifer,M,Undergraduate
682,Peter Hoeg,M,Undergraduate
683,Erma Bombeck,M,Undergraduate
684,Roberto Vecchioni,M,Undergraduate
685,John Mortimer,M,Undergraduate
686,E. L. Doctorow,M,Undergraduate
687,Simon Schama,M,Undergraduate
688,Frank Waters,M,Undergraduate
689,Karen Hesse,M,Undergraduate
690,Kenneth Oppel,M,Undergraduate
691,Carol Ryrie Brink,M,Undergraduate
692,Shelly R. Roberts,M,Undergraduate
693,Diane Duane,M,Undergraduate
694,Carolee Brockmann,M,Undergraduate
695,Rachel Roberts,M,Undergraduate
696,Lensey Namioka,M,Undergraduate
697,Jackie Eileen Behrend,M,Undergraduate
698,Andrew Clements,M,Undergraduate
699,LOIS LOWRY,M,Undergraduate
700,Paul Hattaway,M,Undergraduate
701,Alain Stella,M,Undergraduate
702,Milena Moser,M,Undergraduate
703,Patricia Highsmith,M,Undergraduate
704,Stephen Donaldson,M,Undergraduate
705,STEPHEN R. DONALDSON,M,Undergraduate
706,Ellen Rimbauer,M,Undergraduate
707,Todd Herzog,M,Undergraduate
708,John Borneman,M,Undergraduate
709,ROBERT S. MCELVAINE,M,Undergraduate
710,Bram Stoker,M,Undergraduate
711,Michael A. Stackpole,M,Undergraduate
712,Langston Hughes,M,Undergraduate
713,Carol Matthews,M,Undergraduate
714,Carole Matthews,M,Undergraduate
715,Jacqueline L. Tobin,M,Undergraduate
716,Marion Zimmer Bradley,M,Undergraduate
717,Andrei Codrescu,M,Undergraduate
718,Carolyne Aarsen,M,Undergraduate
719,Louis L'Amour,M,Undergraduate
720,Jack Chapman,M,Undergraduate
721,Anthony J Alessandra,M,Undergraduate
722,Charles R. Swindoll,M,Undergraduate
723,Orson Scott Card,M,Undergraduate
724,V. A Howard,M,Undergraduate
725,Walter P. Wilson,M,Undergraduate
726,Bruce Fries,M,Undergraduate
727,"Rush H., III Limbaugh",M,Undergraduate
728,Anne Dingus,M,Undergraduate
729,Kate Chopin,M,Undergraduate
730,Kirk Kazanjian,M,Undergraduate
731,Donald Merriam Allen,M,Undergraduate
732,William Maples,M,Undergraduate
733,Carl Hausman,M,Undergraduate
734,Richard Peck,M,Undergraduate
735,Michael Connelly,M,Undergraduate
736,John T. Lescroart,M,Undergraduate
737,John Jakes,M,Undergraduate
738,Alice McDermott,M,Undergraduate
739,Hilary Bailey,M,Undergraduate
740,Howard Fast,M,Undergraduate
741,Jessica Fletcher,M,Undergraduate
742,Eileen Goudge,M,Undergraduate
743,Arnette Lamb,M,Undergraduate
744,WALTER CRONKITE,M,Undergraduate
745,Tom Mula,M,Undergraduate
746,Lois Faye Dyer,M,Undergraduate
747,Sharon Lamb,M,Undergraduate
748,Sir Arthur Conan Doyle,M,Undergraduate
749,AGATHA CHRISTIE,M,Undergraduate
750,Mark Cohen,M,Undergraduate
751,Sherry Shahan,M,Undergraduate
752,Helen Myers,M,Undergraduate
753,Della Rowland,M,Undergraduate
754,Irving. Adler,M,Undergraduate
755,Elizabeth Peters,M,Undergraduate
756,Shirlee Busbee,M,Undergraduate
757,EMILY BRONTE,M,Undergraduate
758,Frank E. Peretti,M,Undergraduate
759,John A. Keel,M,Undergraduate
760,Stefanie Scott,M,Undergraduate
761,Rebecca Winters,M,Undergraduate
762,Meg Cabot,M,Undergraduate
763,Tanith Lee,M,Undergraduate
764,Cathy Gillen Thacker,M,Undergraduate
765,Richard Burton,M,Undergraduate
766,Jeffrey Eugenides,M,Undergraduate
767,Beverly Hastings,M,Undergraduate
768,Cyrano de Bergerac,M,Undergraduate
769,James C. Robertson,M,Undergraduate
770,Teresa Southwick,M,Undergraduate
771,Judith Guest,M,Undergraduate
772,Sandra Field,M,Undergraduate
773,Helen Brooks,M,Undergraduate
774,Blanche Fisher Wright,M,Undergraduate
775,George Gately,M,Undergraduate
776,James Lee Burke,M,Undergraduate
777,Michael Chabon,M,Undergraduate
778,Barbara Michaels,M,Undergraduate
779,Norton Juster,M,Undergraduate
780,Michael Blake,M,Undergraduate
781,John Bellairs,M,Undergraduate
782,Carole Nelson Douglas,M,Undergraduate
783,WILLIAM GOLDMAN,M,Undergraduate
784,Marc Reisner,M,Undergraduate
785,Mark Bowden,F,Undergraduate
786,Jonathan Pearce,F,Undergraduate
787,Alain de Botton,F,High School
788,Chuck Palahniuk,F,High School
789,Annie Proulx,F,High School
790,Adam Davies,F,High School
791,Harry M. Walker,F,High School
792,Nicholas Evans,F,High School
793,L.M. MONTGOMERY,F,High School
794,Vinke,F,High School
795,DAVID MITCHELL,F,High School
796,Charles Bukowski,F,High School
797,Haruki Murakami,F,High School
798,Frances Hodgson  Burnett,F,High School
799,Patricia C. Wrede,F,High School
800,Jack London,F,High School
801,Bruce Wilkinson,F,High School
802,Malcolm Goodway,F,High School
803,Ann-Marie MacDonald,F,High School
804,Linda Howard,F,High School
805,Sue Miller,F,High School
806,Sheri S. Tepper,F,High School
807,DR SEUSS,F,High School
808,Tobias Wolff,F,High School
809,Isaac Bashevis Singer,F,High School
810,Gary Zukav,F,High School
811,Alfred H. Kelly,F,High School
812,Plato,F,High School
813,B Kliban,F,High School
814,JUDY BLUNT,F,High School
815,William Trevor,F,High School
816,Alice Walker,F,High School
817,Stephen Gazi,F,High School
818,Wallace Stegner,F,High School
819,Don DeLillo,F,High School
820,Ralph Ellison,F,High School
821,Shel Silverstein,F,High School
822,Jhumpa Lahiri,F,High School
823,Liz Trigg,F,High School
824,Charles Sullivan,F,High School
825,TOM ROBBINS,F,High School
826,Ursula Hegi,F,High School
827,Samuel Richardson,F,High School
828,Valerie Martin,F,High School
829,Gill Farrer-Halls,F,High School
830,John Mordock,F,High School
831,Susan Bowes,F,High School
832,DIANA GABALDON,F,High School
833,Zadie Smith,F,High School
834,NATALIE GOLDBERG,F,High School
835,Sue Grafton,F,High School
836,William J. Kennedy,F,High School
837,Bob Shacochis,F,High School
838,Randy Alcorn,F,High School
839,Nancy Cobb,F,High School
840,Margriet de Moor,F,High School
841,Dale Carnegie,F,High School
842,Clifford Stoll,F,High School
843,SANDRA CISNEROS,F,High School
844,Gary Paulsen,F,High School
845,Marguerite Henry,F,High School
846,Sherry Garland,F,High School
847,Kimberly Kirberger,F,High School
848,Ariella Papa,F,High School
849,Michael J. Rosen,F,High School
850,Dawn Chipman,F,High School
851,Shannon Olson,F,High School
852,Phyllis Reynolds Naylor,F,High School
853,Karen Stolz,F,High School
854,CLARE NAYLOR,F,High School
855,Stephen Chbosky,F,High School
856,Antonio Albanese,F,High School
857,Margaret Weis,F,High School
858,Ivan Doig,F,High School
859,Sylvia Nasar,F,High School
860,Ha Jin,F,High School
861,Elizabeth Laird,F,High School
862,Harlan Ellison,F,High School
863,David M. Gitlitz,F,High School
864,Wolfgang Hohlbein,F,High School
865,Christoph Hein,F,High School
866,Gaby Hauptmann,F,High School
867,Carolyn See,F,High School
868,Christa Wolf,F,High School
869,Thomas Brussig,F,High School
870,Piers Vitebsky,F,High School
871,Christopher Weidner,F,High School
872,H. P. Lovecraft,F,High School
873,Pamela Grim,F,High School
874,Arthur C. Clarke,F,High School
875,Jay Bennett,F,High School
876,John Applegate,F,High School
877,J. Michael Straczynski,F,High School
878,John Myers Myers,F,High School
879,Reay Tannahill,F,High School
880,Jack Whyte,F,High School
881,Stephen R Donaldson,F,High School
882,Peter Matthiessen,F,High School
883,Paul Kent,F,High School
884,Robin McKinley,F,High School
885,Hank Whittemore,F,High School
886,Ellyn Satter,F,High School
887,Bill Brittain,F,High School
888,August Wilson,F,High School
889,Marilynn Robinson,F,High School
890,Sigrid Nunez,F,High School
891,Amanda Scott,F,High School
892,John Fowles,F,High School
893,Christopher Catling,F,High School
894,A'Lelia Bundles,F,High School
895,Dorothy L. Sayers,F,High School
896,Jude Deveraux,F,High School
897,Anne Morrow Lindbergh,F,High School
898,LAURIE R. KING,F,High School
899,Jeanne Duprau,F,High School
900,Louise Erdrich,F,High School
901,Melinda Haynes,F,High School
902,Belle Yang,F,High School
903,Carol Shields,F,High School
904,Vladimir Vladimirovich Nabokov,F,High School
905,Tim Powers,F,High School
906,Jean Lorrah,F,High School
907,John Beer,F,High School
908,Paulo Coelho,F,High School
909,Barbara Erskine,F,High School
910,Annegrit Arens,F,High School
911,Hans Joachim Alpers,F,High School
912,Hermann Hesse,F,High School
913,Claudia von Zglinicki,F,High School
914,Linda Lael Miller,F,High School
915,Jane Feather,F,High School
916,William Forstchen,F,High School
917,Spider Robinson,F,High School
918,Dennis L. McKiernan,F,High School
919,Mallory Rush,F,High School
920,Lionel Fenn,F,High School
921,Carole Halston,F,High School
922,Christine Rimmer,F,High School
923,BJ James,F,High School
924,Truman Capote,F,High School
925,Darrell Scott,F,High School
926,Johann Wolfgang Von Goethe,F,High School
927,Thomas Elsaesser,F,High School
928,Adrian Plass,F,High School
929,Stephen Quirke,F,High School
930,James Herbert,F,High School
931,William Sutcliffe,F,High School
932,Janosch,F,High School
933,Jean de Brunhoff,F,High School
934,Philippe Fix,F,High School
935,Claudia Keller,F,High School
936,F. Paul Wilson,F,High School
937,Arnold A. Lazarus,F,High School
938,Clarissa Pinkola Estes,F,High School
939,Virginia Allen Jensen,F,High School
940,John Paul Allen,F,High School
941,Tournier,F,High School
942,G. B. Trudeau,F,High School
943,Gary Larson,F,High School
944,Garrison Keillor,F,High School
945,Berke Breathed,F,
946,Barbara Ann Kipfer,F,
947,STEPHEN FRIED,F,
948,George Stephanopoulos,F,
949,Rita Mae Brown,F,
950,Cornelia Funke,F,
951,Stan Lee,F,
952,Camille Paglia,F,Graduate
953,James Kahn,F,Graduate
954,James McBride,F,Graduate
955,Louis Sachar,F,Graduate
956,Eric Van Lustbader,F,Graduate
957,Robert Asprin,F,Graduate
958,Georg Feverstein,F,Graduate
959,Nomi Eve,F,Graduate
960,Bruce Catton,F,Graduate
961,William Gibson,F,Graduate
962,Clement Eaton,F,Graduate
963,Judy Collins,F,Graduate
964,Oliver W. Sacks,F,Graduate
965,Annette Broadrick,F,Graduate
966,Rachel Cohn,F,Graduate
967,Carolyn Keene,F,Graduate
968,Rachel Naomi Remen M.D.,F,Graduate
969,Jayne Ann Krentz,F,Graduate
970,Joan Smith,F,Graduate
971,Kaye Gibbons,F,Graduate
972,Bryn Chandler,F,Graduate
973,Tod Brewster,F,Graduate
974,Eliza Osborne,F,Graduate
975,Howard Norman,F,Graduate
976,John Griesemer,F,Graduate
977,Marly A. Swick,F,Graduate
978,John L'Heureux,F,Graduate
979,Molly Ivins,F,Graduate
980,Forrest Carter,F,Graduate
981,Umberto Eco,F,Graduate
982,Greg Bear,F,Graduate
983,Kathy Reichs,F,Graduate
984,Jeffery Deaver,F,Graduate
985,Martin Cruz Smith,F,Graduate
986,V.C. Andrews,F,Graduate
987,Stephen Hill,F,Graduate
988,Ernst W. Heine,F,Graduate
989,Donna Fletcher,F,Graduate
990,Jeanne Larsen,F,Graduate
991,Bari Wood,F,Graduate
992,James Gould Cozzens,F,Graduate
993,Reidar Jonsson,F,Graduate
994,June Vendall Clark,F,Graduate
995,Robert Reilly,F,Graduate
996,Kem Nunn,F,Graduate
997,Larry King,F,Graduate
998,Ernest J. Gaines,F,Graduate
999,Anne Lamott,F,Graduate
1000,Bret Lott,F,Graduate
1001,Zora Neale Hurston,F,Graduate
1002,Jude Fisher,F,Graduate
1003,Salman Rushdie,F,Graduate
1004,G. P. Taylor,F,Graduate
1005,Bill Bryson,F,Graduate
1006,Judy Astley,F,Graduate
1007,Roger E. Allen,F,Graduate
1008,Margaret Tempest,F,Graduate
1009,James Barclay,F,Graduate
1010,Kahlil Gibran,F,Graduate
1011,Libby Purves,F,Graduate
1012,JANE KIRKPATRICK,F,Graduate
1013,TESS GERRITSEN,F,Graduate
1014,Olive Ann Burns,F,Graduate
1015,Michael Ende,F,Graduate
1016,Corrie Ten Boom,F,Graduate
1017,Bodie Thoene,F,Graduate
1018,Marlo Schalesky,F,Graduate
1019,Michael Paterniti,F,Graduate
1020,Dorothy Reynolds Miller,F,Graduate
1021,Steve Martin,F,Graduate
1022,Banana Yoshimoto,F,Graduate
1023,Ann Rae Jonas,F,Graduate
1024,Readers Digest,F,Graduate
1025,Joseph Campbell,F,Graduate
1026,Dyanne Gibson,F,Graduate
1027,Isaac Asimov,F,Graduate
1028,Bruce Coville,F,Graduate
1029,Edwidge Danticat,F,Graduate
1030,Joe R. Lansdale,F,Graduate
1031,ARTURO PEREZ-REVERTE,F,Graduate
1032,Sheila O'Connor,F,Graduate
1033,ERIK LARSON,F,Graduate
1034,Saul Bellow,F,Graduate
1035,Dan Millman,F,Graduate
1036,Ned Vizzini,F,Graduate
1037,Laurie Halse Anderson,F,Graduate
1038,Chris Wooding,F,Graduate
1039,Mary McGarry Morris,F,Graduate
1040,Brian O'Leary,F,Graduate
1041,F. David Peat,F,Graduate
1042,L. Ron Hubbard,F,Graduate
1043,Stephen Coonts,F,Graduate
1044,JOHN WHITMAN,F,Graduate
1045,Peter Kummer,F,Graduate
1046,Sven Regener,F,Graduate
1047,Wendy Leigh,F,Graduate
1048,Dorothy Sterling,F,Graduate
1049,Frances Hodgson Burnett,F,Graduate
1050,B. K. S. Iyengar,F,Graduate
1051,Kate Atkinson,F,Graduate
1052,Susan M. McIntosh,F,Graduate
1053,Paul Gross,F,Graduate
1054,Diane Muldrow,F,Graduate
1055,Robert Bloch,F,Graduate
1056,Mollie Molay,F,Graduate
1057,Grace Colling,F,Graduate
1058,Judy Blume,F,Graduate
1059,Jonathan Rabb,F,Graduate
1060,Patrick Robinson,F,Graduate
1061,ROBERT T. BAKKER,F,Graduate
1062,Fred Saberhagen,F,Graduate
1063,Richard Moran,F,Graduate
1064,Michael Dimercurio,F,Graduate
1065,Wilkie Collins,F,Graduate
1066,Raymond Cloutier,F,Graduate
1067,Randall Wallace,F,Graduate
1068,Rhoda Huffey,F,Graduate
1069,CALVIN TRILLIN,F,Graduate
1070,Rachel Simon,F,Graduate
1071,Nick Earls,F,Graduate
1072,Carol Emshwiller,F,Graduate
1073,Edith Konecky,F,Graduate
1074,JONATHAN HARR,F,Graduate
1075,Ayn Rand,F,Graduate
1076,ALEXANDRE DUMAS,F,Graduate
1077,Dorothy Garlock,F,Graduate
1078,Whitney Otto,F,Graduate
1079,Michael Cunningham,F,Graduate
1080,Diane Ackerman,F,Graduate
1081,Susan Isaacs,F,Graduate
1082,Douglas Preston,F,Graduate
1083,Kim Stanley Robinson,F,Graduate
1084,William Safire,F,Graduate
1085,Leslie Glass,F,Graduate
1086,F.Scott Fitzgerald,F,Graduate
1087,Cathy Cash Spellman,F,Graduate
1088,Grace Slick,F,Graduate
1089,Jerry Bledsoe,F,Graduate
1090,Jane Sigaloff,F,Graduate
1091,Marian Keyes,F,Graduate
1092,Melissa Rossi,F,Graduate
1093,Jackie Collins,F,Graduate
1094,Drew Barrymore,F,Graduate
1095,Carrie Alexander,F,Graduate
1096,Lori Handeland,F,Graduate
1097,Debra Salonen,F,Graduate
1098,Deborah Laake,F,Graduate
1099,Margaret Way,F,Graduate
1100,Marisa Carroll,F,Graduate
1101,Eduardo Duran,F,Graduate
1102,Dave Eggers,F,Graduate
1103,Hernando De Soto,F,Graduate
1104,Julie Miller,F,Graduate
1105,Jasper Fforde,F,Graduate
1106,Wendy Holden,F,Graduate
1107,Sebastian Faulks,F,Graduate
1108,SUE MARGOLIS,F,Graduate
1109,Dora Levy Mossanen,F,Graduate
1110,Sheri Holman,F,Graduate
1111,Jacqueline Susann,F,Graduate
1112,Stephanie Laurens,F,Graduate
1113,Jane Mendelsohn,F,Graduate
1114,Madge Swindells,F,Graduate
1115,Richard George Adams,F,Graduate
1116,John Colapinto,F,Graduate
1117,Ildiko Kurthy,F,Graduate
1118,John McPhee,F,Graduate
1119,Kurt Vonnegut,F,Graduate
1120,Veronique Vienne,F,Graduate
1121,SANDOR MARAI,F,Graduate
1122,Mark A. S. McMenamin,F,Graduate
1123,Nancy K Robinson,F,Graduate
1124,Jillian Lund,F,Graduate
1125,Ann Rinaldi,F,Graduate
1126,Scott O'Dell,F,Graduate
1127,THOMAS ROCKWELL,F,Graduate
1128,Louise Plummer,F,Graduate
1129,Dave Duncan,F,Graduate
1130,Richard Awlinson,F,Graduate
1131,Scott Ciencin,F,Graduate
1132,Patricia Kennealy-Morrison,F,Graduate
1133,Julie E. Czerneda,F,Graduate
1134,Eva Heller,F,Graduate
1135,Jan McDaniel,F,Graduate
1136,Genell Dellin,F,Graduate
1137,Betty Neels,F,Graduate
1138,Barbara Dolan,F,Graduate
1139,Viveca Carlysle,F,Graduate
1140,Judy Jackson,F,Graduate
1141,Lewis Orde,F,Graduate
1142,Beatrice Sparks,F,Graduate
1143,Peter Mayle,F,Graduate
1144,Philip Kindred Dick,F,Graduate
1145,Douglas Kennedy,F,Graduate
1146,Philip K. Dick,F,Graduate
1147,Dick,F,Graduate
1148,Aldous Huxley,F,Graduate
1149,Edgar Allan Poe,F,Graduate
1150,Mark Z. Danielewski,F,Graduate
1151,Laurent Vicomte,F,Graduate
1152,Jean Bonnefoy,F,Graduate
1153,Philip K. (Philip Kindred) Dick,F,Graduate
1154,Albert Camus,F,Graduate
1155,Stan Berenstain,F,Graduate
1156,A. J. Wood,F,Graduate
1157,Sunny Griffin,F,Graduate
1158,Disney Enterprises Inc,F,Graduate
1159,Maida Silverman,F,Graduate
1160,Jean Giraudoux,F,Graduate
1161,Nicholas Ross,F,Graduate
1162,Lynne Reid Banks,F,Graduate
1163,Carolyn Wheat,F,Graduate
1164,DAN SIMMONS,F,Graduate
1165,Ros Stanley,F,Graduate
1166,R. L. Stine,F,Graduate
1167,Steve Barlow,F,Graduate
1168,Katherine Applegate,F,Graduate
1169,Anonimo,F,Graduate
1170,Matthew F Christopher,F,Graduate
1171,Marilyn Penovich Friend,F,Graduate
1172,Brian Herbert,F,Graduate
1173,C. A. Stephens,F,Graduate
1174,Mary Evans O'Keefe Gravalos,F,Graduate
1175,Randall Rothenberg,F,Graduate
1176,Enos A. Mills,F,Graduate
1177,JOHN FITZGERALD,F,Graduate
1178,Sebastiano Vassalli,F,Graduate
1179,Patrick McGrath,F,Graduate
1180,William Kotzwinkle,F,Graduate
1181,Vincent Bugliosi,F,Graduate
1182,Mark Richard,F,Graduate
1183,Ben Elton,F,Graduate
1184,Ltd Editorial Staff Publication International,F,Graduate
1185,MARY DORIA RUSSELL,F,Graduate
1186,MacDonald Harris,F,Graduate
1187,Lawrence Goldstone,F,Graduate
1188,Leslie Land,F,Graduate
1189,Rikki Ducornet,F,Graduate
1190,VICTOR HUGO,F,Graduate
1191,Jennifer Egan,F,Graduate
1192,Dodie Smith,F,Graduate
1193,Doug  Lowe,F,Graduate
1194,Arlene Eisenberg,F,Graduate
1195,JANE GREEN,F,Graduate
1196,Gary Ezzo,F,Graduate
1197,Dennis Rainey,F,Graduate
1198,David Gardner,F,Graduate
1199,Joan D. Vinge,F,Graduate
1200,R. A. MacAvoy,F,Graduate
1201,Brooke Stevens,F,Graduate
1202,Ann B. Ross,F,Graduate
1203,Adriana Trigiani,F,Graduate
1204,BEBE MOORE CAMPBELL,F,Graduate
1205,Barbara Corcoran,F,Graduate
1206,Amy Hassinger,F,Graduate
1207,Erica Jong,F,Graduate
1208,Diana Palmer,F,Graduate
1209,Rebecca Godfrey,F,Graduate
1210,Lois Battle,F,Graduate
1211,Allen Ginsberg,F,Graduate
1212,Andrew M. Greeley,F,Graduate
1213,Rick Davis,F,Graduate
1214,Catholic Church,F,Graduate
1215,Alfred McBride,F,Graduate
1216,Russell L. Ford,F,Graduate
1217,Robertson Davies,F,Graduate
1218,Bill Watterson,F,Graduate
1219,Jacqueline Kasun,F,Graduate
1220,Leslie Meier,F,Graduate
1221,Corinne T. Netzer,F,Graduate
1222,Stefano Benni,F,Graduate
1223,Alessandro Baricco,F,Graduate
1224,Alice Adams,F,Graduate
1225,Frederick Buechner,F,Graduate
1226,Max Frisch,F,Graduate
1227,Thomas Pynchon,F,Graduate
1228,Veronika Martenova Charles,F,Graduate
1229,Ron L. Hubbard,F,Graduate
1230,Doris Pilkington,F,Graduate
1231,Stephen Gallagher,F,Graduate
1232,Robert Louis Stevenson,F,Graduate
1233,Edwina Currie,F,Graduate
1234,Donald A. Mackenzie,F,Graduate
1235,Jules Verne,F,Graduate
1236,Laurie Lee,F,Graduate
1237,Sam Siciliano,F,Graduate
1238,Joe Haldeman,F,Graduate
1239,Leon Uris,F,Graduate
1240,Anatoli Boukreev,F,Graduate
1241,Steve Lewis,F,Graduate
1242,Len Deighton,F,Graduate
1243,Dale L. Anderson,F,Graduate
1244,William Gerald Golding,F,Graduate
1245,William J. Mann,F,Graduate
1246,Laurell K. Hamilton,F,Graduate
1247,James Reese,F,Graduate
1248,Judge Judy Sheindlin,F,Graduate
1249,Manil Suri,F,Graduate
1250,VICTORIA SULLIVAN,F,Graduate
1251,Kingsley Amis,F,Graduate
1252,Dale Cooper,F,Graduate
1253,Scott Walker,F,Graduate
1254,Catherine Clement,F,Graduate
1255,Colm Toibin,F,Graduate
1256,Joe Weber,F,Graduate
1257,Caleb Carr,F,Graduate
1258,Stephen Baxter,F,Graduate
1259,Augusten Burroughs,F,Graduate
1260,Mark Dunn,F,Graduate
1261,William Carpenter,F,Graduate
1262,John Case,F,Graduate
1263,Donna Woolfolk Cross,F,Graduate
1264,JON KRAKAUER,F,Graduate
1265,Michael Ryan,F,Graduate
1266,Robert K. Tanenbaum,F,Graduate
1267,Judi Lawson Wallace,F,Graduate
1268,Grierson,F,Graduate
1269,Peter J. D'Adamo,F,Graduate
1270,Helene Wiggin,F,Graduate
1271,Ira Levin,F,Graduate
1272,Norman Lindsay,F,Graduate
1273,Christina Lamb,F,Graduate
1274,Crichton Michael,F,Graduate
1275,Nancy Creagh Phelan,F,Graduate
1276,CHRIS BOHJALIAN,F,Graduate
1277,M. Scott Peck,F,Graduate
1278,M. M. Kaye,F,Graduate
1279,Sharon Creech,F,Graduate
1280,Christian Jacq,F,Graduate
1281,Dean Devlin,F,Graduate
1282,Dean Marney,F,Graduate
1283,Justine Ettler,F,Graduate
1284,Margaret Wise Brown,F,Graduate
1285,Shel Arensen,F,Graduate
1286,Amanda McKay,F,Graduate
1287,Carl Djerassi,F,Graduate
1288,Nuala O'Faolain,F,Graduate
1289,Lee Strobel,F,Graduate
1290,Sally Rains,F,Graduate
1291,various authors,F,Graduate
1292,Osuntoki,F,Graduate
1293,Burton Raffel,F,Graduate
1294,Terry McMillan,F,Graduate
1295,Don Lassiter,F,Graduate
1296,Jimmy Stewart,F,Graduate
1297,KEN WILBER,F,Graduate
1298,Bill Cosby,F,Graduate
1299,Ruth Gordon,F,Graduate
1300,Flannery O'Connor,F,Graduate
1301,Adrian Mitchell,F,Graduate
1302,Donald A. Davis,F,Graduate
1303,Leslie Marmon Silko,F,Graduate
1304,Robert S. Root-Bernstein,F,Graduate
1305,Joe Marcus,F,Graduate
1306,Dorothea Benton Frank,F,Graduate
1307,Anita Brookner,F,Graduate
1308,Beverly Jenkins,F,Graduate
1309,Daniel Hecht,F,Graduate
1310,Anita Daher,F,Graduate
1311,Stephen R. Lawhead,F,Graduate
1312,Robin A. White,F,Graduate
1313,Stephen White,F,Graduate
1314,Jeffrey Archer,F,Graduate
1315,Guy De Maupassant,F,Graduate
1316,Jonathan Kellerman,F,Graduate
1317,Robert Charles Wilson,F,Graduate
1318,Gilles Deleuze,F,Graduate
1319,Peter Weber,F,Graduate
1320,Thomas Gifford,F,Graduate
1321,Oscar Hijuelos,F,Graduate
1322,Taiping Shangdi,F,Graduate
1323,Harald Schmidt,F,Graduate
1324,Arman Danesh,F,Graduate
1325,Emma Callery,F,Graduate
1326,Donald Beman,F,Graduate
1327,Guinness Media Inc.,F,Graduate
1328,Adam Brate,F,Graduate
1329,Bob Levis,F,Graduate
1330,Maurice Gran,F,Graduate
1331,J Smith,F,Graduate
1332,CHERIE CARTER-SCOTT,F,Graduate
1333,Mark Victor Hansen,F,Graduate
1334,LENNART NILSSON,F,Graduate
1335,Courtland L. Bovee,F,Graduate
1336,David Freemantle,F,Graduate
1337,Sandra  Waddock,F,Graduate
1338,V.K. Narayanan,F,Graduate
1339,Michael Mische,F,Graduate
1340,Ann Douglas,F,Graduate
1341,Fergus Kelly,F,Graduate
1342,Norman Mailer,F,Graduate
1343,Geoff Ryman,F,Graduate
1344,Graham Greene,F,Graduate
1345,Gaston Leroux,F,Graduate
1346,Karlfried Durckheim,F,Graduate
1347,Stephanie Coontz,F,Graduate
1348,Laure Redmond,F,Graduate
1349,Lynda Barry,F,Graduate
1350,Fernando Iwasaki Cauti,F,Graduate
1351,Rafael Reig,F,Graduate
1352,Laurent Jouvet,F,Graduate
1353,Francesca Lia Block,F,Graduate
1354,Carol Higgins Clark,F,Graduate
1355,Andrew Pyper,F,Graduate
1356,Robert Atkins,F,Graduate
1357,Wendy Orr,F,Graduate
1358,Amy Ephron,F,Graduate
1359,Susan Vreeland,F,Graduate
1360,Alan Cumming,F,Graduate
1361,Christopher Russo,F,Graduate
1362,ANDREA DI ROBILANT,F,Graduate
1363,Alan Epstein,F,Graduate
1364,Federico Andahazi,F,Graduate
1365,Salley Vickers,F,Graduate
1366,RUSSELL MARTIN,F,Graduate
1367,Roger D. Masters,F,Graduate
1368,Andy Meisler,F,Graduate
1369,Ross King,F,Graduate
1370,MARC BROWN,F,Graduate
1371,Writer's Digest Books,F,Graduate
1372,Elaine Weinmann,F,Graduate
1373,Charles Sheffield,F,Graduate
1374,Lois McMaster Bujold,F,Graduate
1375,Iain Pears,F,Graduate
1376,John Barnes,F,Graduate
1377,JEAN M. AUEL,F,Graduate
1378,Joan Cleveland,F,Graduate
1379,"Wilson, III Simmons",F,Graduate
1380,Sherwood Kiraly,F,Graduate
1381,Frank Decaro,F,Graduate
1382,Robert Ludlum,F,Graduate
1383,Oliver Sacks,F,Graduate
1384,Virginia Woolf,F,Graduate
1385,Junko Wada,F,Graduate
1386,Diane Wolkstein,F,Graduate
1387,Alice Garrard,F,Graduate
1388,Janet Fitch,F,Graduate
1389,Pat Rodegast,F,Graduate
1390,Richard Dalby,F,Graduate
1391,William Hoffman,F,Graduate
1392,David Foster Wallace,F,Graduate
1393,Dav Pilkey,F,Graduate
1394,Clive James,F,Graduate
1395,Chuck Logan,F,Graduate
1396,Patrick Suskind,F,Graduate
1397,James Rollins,F,Graduate
1398,Minette Walters,F,Graduate
1399,WILLIAM FAULKNER,F,Graduate
1400,Joseph Lederer,F,Graduate
1401,Joan Wolf,F,Graduate
1402,Dana Stabenow,F,Graduate
1403,R.D. Lawrence,F,Graduate
1404,John Updike,F,Graduate
1405,Tiffanie DeBartolo,F,Graduate
1406,Ryszard Kapuscinski,F,Graduate
1407,Kent Anderson,F,Graduate
1408,Rampa Lobsang,F,Graduate
1409,WILLIAM BERNHARDT,F,Graduate
1410,Ben Bova,F,Graduate
1411,Naomi Shihab Nye,F,Graduate
1412,Daniel Quinn,F,Graduate
1413,David J Tacey,F,Graduate
1414,Todd James Pierce,F,Graduate
1415,Kathleen Ann Goonan,F,Graduate
1416,Jeanette Winterson,F,Graduate
1417,Valerie Tripp,F,Graduate
1418,Christof Lees,F,Graduate
1419,Val McDermid,F,Graduate
1420,Julie Garwood,F,Graduate
1421,Madeleine L'Engle,F,Graduate
1422,ANN PACKER,F,Graduate
1423,Gregory Frost,F,Graduate
1424,Larry Millett,F,Graduate
1425,Vilhelm Moberg,F,Graduate
1426,Gail Diven,F,Graduate
1427,Stephen Alter,F,Graduate
1428,Terri Windling,F,Graduate
1429,Michael Moorcock,F,Graduate
1430,Vikram Chandra,F,Graduate
1431,Chitra Banerjee Divakaruni,F,Graduate
1432,Bill Slavicsek,F,Graduate
1433,Richard L. Anderson,F,Graduate
1434,Jean Paul Sartre,F,Graduate
1435,Sara Pritchard,F,Graduate
1436,Ursula K. Le Guin,F,Graduate
1437,Neal Stephenson,F,Graduate
1438,Amit Chaudhuri,F,Graduate
1439,ROSALIND MILES,F,Graduate
1440,Stanley Gordon West,F,Graduate
1441,Sarah Caudwell,F,Graduate
1442,Irvine Welsh,F,Graduate
1443,Nelson DeMille,F,Graduate
1444,Phyllis Gotlieb,F,Graduate
1445,Dianna L. Paxson,F,Graduate
1446,Gail Godwin,F,Graduate
1447,Wynema McGowan,F,Graduate
1448,RICHARD WAGAMESE,F,Graduate
1449,Robert Haas,F,Graduate
1450,Wilma Yeo,F,Graduate
1451,Scott,F,Graduate
1452,Jayne Castle,F,Graduate
1453,Deric Longden,F,Graduate
1454,J. D. Robb,F,Graduate
1455,Katy Munger,F,Graduate
1456,Alex Dingwall-Main,F,Graduate
1457,Tony Buzan,F,Graduate
1458,Jose Luis Sampedro,F,Graduate
1459,Lawrence Durrell,F,Graduate
1460,Octavia E. Butler,F,Graduate
1461,Gloria Naylor,F,Graduate
1462,Mary Pipher,F,Graduate
1463,John O'Donohue,F,Graduate
1464,Jonathan D. Spence,F,Graduate
1465,Janet Kessel Fletcher,F,Graduate
1466,Roddy Doyle,F,Graduate
1467,Rita Golden Gelman,F,Graduate
1468,Alfred Huang,F,Graduate
1469,Tulku Thondup Rinpoche,F,Graduate
1470,Antonio Orejudo,F,Graduate
1471,Holly Black,F,Graduate
1472,Christopher Golden,F,Graduate
1473,Javier Marias,F,Graduate
1474,Charles Dickinson,F,Graduate
1475,Fay Robinson,F,Graduate